-- phpMyAdmin SQL Dump
-- version 4.7.2
-- https://www.phpmyadmin.net/
--
-- Host: localhost
-- Generation Time: Jul 13, 2017 at 01:31 AM
-- Server version: 5.7.18-0ubuntu0.17.04.1
-- PHP Version: 7.0.18-0ubuntu0.17.04.1

SET SQL_MODE = "NO_AUTO_VALUE_ON_ZERO";
SET AUTOCOMMIT = 0;
START TRANSACTION;
SET time_zone = "+00:00";


/*!40101 SET @OLD_CHARACTER_SET_CLIENT=@@CHARACTER_SET_CLIENT */;
/*!40101 SET @OLD_CHARACTER_SET_RESULTS=@@CHARACTER_SET_RESULTS */;
/*!40101 SET @OLD_COLLATION_CONNECTION=@@COLLATION_CONNECTION */;
/*!40101 SET NAMES utf8mb4 */;

--
-- Database: `nurcara1.2`
--

-- --------------------------------------------------------

--
-- Table structure for table `autore`
--

CREATE TABLE `autore` (
  `id_autore` int(11) NOT NULL DEFAULT '0',
  `autore` varchar(80) DEFAULT NULL
) ENGINE=InnoDB DEFAULT CHARSET=utf8;

--
-- Dumping data for table `autore`
--

INSERT INTO `autore` (`id_autore`, `autore`) VALUES
(1, 'D\'Arienzo, L.'),
(3, 'D\'Arienzo, L.\nMeloni, G.'),
(20, 'Sella, P.\nDay, J.'),
(21, 'Bonazzi, G.'),
(22, 'Bonazzi, G.\nDay, J.'),
(33, 'Merci, P.'),
(38, 'Merci, P.\nTerrosu Asole, A.\nDay, J.'),
(40, 'Sella, P.'),
(41, 'Sella, P.\nTerrosu Asole, A.\nArru, D.\nDay, J.'),
(42, 'Sella, P.\nArru, D.'),
(45, 'Sella, P.\nTerrosu Asole, A.'),
(57, 'Sella, P.\nTerrosu Asole, A.\nArru, D.'),
(80, 'Fara, I.F.'),
(82, 'Fara, I.F.\nArru, D.'),
(84, 'Melis, E.'),
(85, 'Tasca, C.'),
(89, 'Armangu  i Herrero, J.; Cireddu Aste, A.; Cuboni, C.'),
(93, 'Meloni, G.'),
(94, 'Meloni, G.\nSoddu, A.\nArru, D.'),
(95, 'Meloni, G.\nSoddu, A.'),
(96, 'Castellaccio, A.'),
(97, 'Day, J.'),
(102, 'Fara, I.F.\nTerrosu Asole, A.\nDay, J.\nSaba, A.'),
(103, 'Fara, I.F.\nTerrosu Asole, A.\nArru, D.'),
(104, 'Fara, I.F.\nTerrosu Asole, A.'),
(120, 'Chirra, S.'),
(129, 'Me, F.'),
(133, 'Me, F.\nFara, I.F.\nTerrosu Asole, A.\nArru, D.'),
(138, 'Rassu, M.'),
(155, 'Piras, S.S.; Dess ,  G.'),
(157, 'Piras, S.S.; Dess ,  G.\nTola, P.\nArru, D.'),
(162, 'Soddu, A.'),
(166, 'Maninchedda, P.; Murtas, A.'),
(167, 'Sanna, M.G.\nSaba, A.'),
(169, 'Tola, P.\nSaba, A.'),
(176, 'Tola, P.'),
(177, 'Tola, P.\nArru, D.'),
(178, 'Tola, P.\nTerrosu Asole, A.\nMe, F.'),
(179, 'Tola, P.\nFara, I.F.\nArru, D.\nDeriu, G.; Chessa, S.'),
(182, 'Tola, P.\nFara, I.F.'),
(193, 'Deriu, G.'),
(200, 'Aleo, J.'),
(201, 'Bofarull y Mascar , P.\nTerrosu Asole, A.\nDeriu, G.; Chessa, S.\nDeriu, G.'),
(202, 'Bofarull y Mascar , P.\nTerrosu Asole, A.\nDeriu, G.; Chessa, S.\nDeriu, G.\nDay, J.'),
(203, 'Saba, A.'),
(207, 'Casula, F.C.'),
(209, 'Angius, V.\nArru, D.\nDay, J.'),
(210, 'Angius, V.'),
(211, 'Angius, V.\nDay, J.'),
(214, 'Ferretto, A.\nSoddu, A.'),
(216, 'Terrosu Asole, A.'),
(217, 'Oppia, G. '),
(218, 'Orunesu, A.; Pusceddu, V. '),
(225, 'Camos, M.A.'),
(228, 'Zurita, J.'),
(229, 'Zurita, J.\nSoddu, A.'),
(231, 'Zurita, J.\nFara, I.F.\nMeloni, G.\nArru, D.\nSoddu, A.\nSoddu, A.'),
(232, 'Zurita, J.\nMeloni, G.'),
(233, 'Zurita, J.\nFara, I.F.\nArru, D.'),
(234, 'Zurita, J.\nMeloni, G.\nFara, I.F.\nArru, D.'),
(235, 'Zurita, J.\nMeloni, G.\nFara, I.F.\nArru, D.\nDeriu, G.; Chessa, S.'),
(237, 'Soddu, A.\nSoddu, A.\nArru, D.'),
(239, 'Deriu, G.; Chessa, S.'),
(241, 'Arru, D.'),
(257, ' -\nDeriu, G.\nArru, D.'),
(260, 'Angius, V.\nArru, D.\nDay, J.\nRassu, M.'),
(263, NULL);

-- --------------------------------------------------------

--
-- Table structure for table `documentoNUR`
--

CREATE TABLE `documentoNUR` (
  `ID_documento_NUR` int(11) NOT NULL,
  `ID_Scheda` int(11) NOT NULL,
  `AntroponimiCitati` varchar(410) DEFAULT NULL,
  `AttributiToponimiGenerali` varchar(112) DEFAULT NULL,
  `CollocazioneArchivistica` varchar(250) DEFAULT NULL,
  `CronologiaDelContenuto` varchar(32) DEFAULT NULL,
  `Destinatario` varchar(146) DEFAULT NULL,
  `Ente` varchar(95) DEFAULT NULL,
  `Lingua` varchar(16) DEFAULT NULL,
  `Titolo` varchar(75) DEFAULT NULL,
  `ToponimiGenerali` varchar(518) DEFAULT NULL
) ENGINE=InnoDB DEFAULT CHARSET=utf8;

--
-- Dumping data for table `documentoNUR`
--

INSERT INTO `documentoNUR` (`ID_documento_NUR`, `ID_Scheda`, `AntroponimiCitati`, `AttributiToponimiGenerali`, `CollocazioneArchivistica`, `CronologiaDelContenuto`, `Destinatario`, `Ente`, `Lingua`, `Titolo`, `ToponimiGenerali`) VALUES
(1, 1, '', '', 'A.C.A., Canc., C. R. D. Pietro IV, Cassa 37, Carta 121 [vecchia collocazione]', '', 'Pietro IV re d\'Aragona', 'Brancaleone Doria', 'Latino', 'CRD Pietro IV', 'Mons Leonis [Monteleone]'),
(2, 2, '', '', 'A.C.A., Canc., C. R. D. Pietro IV, Cassa 38, Carta 80 [vecchia collocazione]', '', 'Pietro IV re d\'Aragona', '(Mariano IV) giudice d\'Arborea', 'Latino', 'CRD Pietro IV', 'Mons Leonis [Monteleone]'),
(3, 3, '', 'Castello', 'A.C.A., Canc., C. R. D. Pietro IV, Cassa 32, Carta 699 [vecchia collocazione]', '', 'Consiglio di Pietro IV re d\'Aragona', 'Brancaleone Doria', 'Latino', 'CRD Pietro IV\nGenova e Aragona', 'Mons Leonis [Monteleone]'),
(4, 4, '', '', 'A.C.A., Canc., C. R. D. Pietro IV, Cassa 33, Carta 790 [vecchia collocazione]', '', 'Pietro IV re d\'Aragona', 'Gilbert de Campllonch', 'Latino', 'CRD Pietro IV', 'Mons Leonis [Monteleone]'),
(5, 5, '', '', 'A.C.A., Canc., C. R. D. Pietro IV, Cassa 17, Carta 3128 [vecchia collocazione]', '', 'Mariano d\'Arborea conte del Goceano', 'Pietro IV re d\'Aragona', 'Latino', 'CRD Pietro IV', 'Mons Leonis [Monteleone]'),
(6, 6, '', '', 'A.C.A., Canc., C. R. D. Pietro IV, Cassa 35, Carta 284 [vecchia collocazione]', '', 'Bernat de Cabrera', 'Roger de Rosanes', 'Latino', 'CRD Pietro IV', 'Mons Leonis [Monteleone]'),
(7, 7, '', '', 'A.C.A., Canc., C. R. D. Pietro IV, Cassa 33, Carta 791 [vecchia collocazione]', '', 'Pietro IV re d\'Aragona', 'Joan de Santacoloma governatore del Logudoro', 'Latino', 'CRD Pietro IV', 'Mons Leonis [Monteleone]'),
(8, 8, 'Nicola Doria', '', 'A.C.A., Canc., C. R. D. Pietro IV, Cassa 34, Carta 9 [vecchia collocazione]', '', 'Re d\'Aragona', 'Ferran Pardo veguer della villa di Alghero', 'Latino', 'CRD Pietro IV', 'Mons Leonis [Monteleone]'),
(9, 9, '', '', 'A.C.A., Canc., C. R. D. Pietro IV, Cassa 17, Carta 3129 [vecchia collocazione]', '', 'Giovanni d\'Arborea', 'Pietro IV re d\'Aragona', 'Latino', 'CRD Pietro IV', 'Mons Leonis [Monteleone]'),
(10, 10, '', '', 'A.C.A., Canc., C. R. D. Pietro IV, Cassa 17, Carta 3130 [vecchia collocazione]', '', 'Pietro visconte di Bas e giudice d\'Arborea', 'Pietro IV re d\'Aragona', 'Latino', 'CRD Pietro IV', 'Mons Leonis [Monteleone]'),
(11, 11, 'Matteo Doria', '', 'A.C.A., Canc., C. R. D. Pietro IV, Cassa 38, Carta 83 [vecchia collocazione]', '', 'Matteo Doria', 'Pietro IV re d\'Aragona', 'Latino', 'CRD Pietro IV', 'Mons Leonis [Monteleone]'),
(12, 12, '', '\n', 'A.C.A., Canc., C. R. D. Pietro IV, Cassa 37, Carta 35 [vecchia collocazione]', '', 'Consiglio di Pietro IV re d\'Aragona', 'Governatore del Logudoro, veguer, consiglieri e probiviri di Alghero', 'Latino', 'CRD Pietro IV', 'Mons Leonis [Monteleone]\n'),
(13, 13, 'Matteo Doria', '', 'A.C.A., Canc., C. R. D. Pietro IV, Cassa 38, Carta 83 [vecchia collocazione]', '1350', 'Matteo Doria', 'Pietro IV re d\'Aragona', 'Latino', 'CRD Pietro IV', 'Mons Leonis [Monteleone]'),
(14, 14, '', '', 'A.C.A., Canc., Reg. 1025, f. 125v', '', '', '', '', 'CRD Pietro IV', ''),
(15, 15, '', 'Castello', 'A.C.A., Canc., C. R. D. Pietro IV, Cassa 38, Carta 83 [vecchia collocazione]', '', 'Pietro IV re d\'Aragona', '', '', 'CRD Pietro IV', 'Monteleone'),
(16, 16, '', 'Castello', 'A.C.A., Canc., C. R. D. Pietro IV, Cassa 30, Carta 564 [vecchia collocazione]', '', 'Pietro IV re d\'Aragona', 'Mariano IV giudice d\'Arborea', 'Latino', 'CRD Pietro IV', 'Mons Leonis [Monteleone]'),
(17, 17, '', '', 'A.C.A., Canc., C. R. D. Pietro IV, Cassa 35, Carta 259 [vecchia collocazione]', '', 'Bernat de Cabrera, Bernat de Cru lles, Roger de Rovenach, Mateu Mercer, Gonsalvo S nchez de A agra e altri luogotenenti dell\'esercito', '(Pietro IV) re d\'Aragona', 'Latino', 'CRD Pietro IV', 'Mons Leonis [Monteleone]'),
(18, 18, '', 'Castello\nCuratoria', 'A.C.A., Canc., C. R. D. Pietro IV, Cassa 38, Carta 102 [vecchia collocazione]', '', '(Pietro IV) re d\'Aragona', '(Governatore del regno di Sardegna)', 'Latino', 'CRD Pietro IV', 'Mons Leonis [Monteleone]\nNurcara'),
(19, 19, '', '', 'A.C.A., Canc., C. R. D. Pietro IV, Cassa 34, Carta 226 [vecchia collocazione]', '', '(Pietro IV) re d\'Aragona', 'Guillem de Cervell ', 'Latino', 'CRD Pietro IV', 'Nurcara'),
(20, 20, 'Guglielmo Ratelli, rettore', 'Chiesa\nChiesa', 'Arch. Vat., Coll. 212, ff. 4-112.', '', 'Chiesa di Roma', 'Chiesa di Roma', 'Latino', 'RD\nVillaggi abbandonati', 'Teclata\nCampuy [Campui]'),
(21, 21, 'Jorgi de Lenthas, armentariu', '', 'Biblioteca Universitaria di Sassari (Ms. 95)', '1191-1198 (Costantino II)*', 'Monastero di San Pietro di Silki', 'Monastero di San Pietro di Silki', 'Sardo', 'CSPS', 'Salamatter'),
(22, 22, 'Simione Carvone\nJanne Cocone\nMigali Cocone mannu\nPetru de Save\nGantine d\'Iscanu', '', 'Biblioteca Universitaria di Sassari (Ms. 95)', '1198-1210*', 'Monastero di San Pietro di Silki', 'Monastero di San Pietro di Silki', 'Sardo', 'CSPS\nVillaggi abbandonati', 'Canpui [Campui]\n\n\nTeclata'),
(23, 23, 'Donnu Petru de Serra; Mariane (de Serra)', 'Domo, villa\nSaltu\n\n\n\n\n\n\nChiesa di S. Maria (vedi CSPS 311)', 'Biblioteca Universitaria di Sassari (Ms. 95)', '1147-1153*', 'Monastero di San Pietro di Silki', 'Monastero di San Pietro di Silki', 'Sardo', 'CSPS\nVillaggi abbandonati', 'Teclata\nGureiu: \nvia de Valle Becla\nmargine de Molendinu\ngulbare dessa mura\nispelunca de Conso\nvia de serra\nmuru de Suruge\npetra dessos lakellos\nmargine de Nurgoi\nfuntana de termen de Surui\nFlumen maiore\nMarikella\nkercos clopatos\nfurru de Sega\nmuru de Sega\nCurin'),
(24, 24, 'Donna Elene de Kerki', 'Domo\n\nSaltu\n\nSaltu', 'Biblioteca Universitaria di Sassari (Ms. 95)', '1147-1153*', 'Monastero di San Pietro di Silki', 'Monastero di San Pietro di Silki', 'Sardo', 'CSPS', 'Favules*\nNurcar\nCalabrike\nGurri*\nPadule de vaccas\nValle de Ruginas\nPratu de Mugore\nPuthu planis\nKerkethanos\nSilva manna'),
(25, 25, 'Comita de Laccon, curatore', 'Curatoria', 'Biblioteca Universitaria di Sassari (Ms. 95)', '1154-1191 (Barisone II)*', 'Monastero di San Pietro di Silki', 'Monastero di San Pietro di Silki', 'Sardo', 'CSPS', 'Nurcar'),
(26, 26, 'Colatu, Vallesu e Justa Tecas, servi', 'Domo', 'Biblioteca Universitaria di Sassari (Ms. 95)', '1147-1153*', 'Monastero di San Pietro di Silki', 'Monastero di San Pietro di Silki', 'Sardo', 'CSPS\nVillaggi abbandonati', 'Teclata'),
(27, 27, 'Famiglia Barithos, servi\nDonnu Petru de Serra caballare', 'Domo', 'Biblioteca Universitaria di Sassari (Ms. 95)', '1191-1198 (Costantino II)*', 'Monastero di San Pietro di Silki', 'Monastero di San Pietro di Silki', 'Sardo', 'CSPS\nVillaggi abbandonati', 'Teclata'),
(28, 28, 'Donnu Petru de Serra; Mariane (de Serra)', 'Domo, villa\n\nSaltu\n', 'Biblioteca Universitaria di Sassari (Ms. 95)', '1130-1147*', 'Monastero di San Pietro di Silki', 'Monastero di San Pietro di Silki', 'Sardo', 'CSPS\nVillaggi abbandonati', 'Teclata\nGureiu:\n via de Valle Becla\nmargine de Molendinu\ngulbare dessa mura\nmuru dessas petrosas\nispelunca de Consons\nvia maiore de Surugel\nariola terrania\nmuru de Gitil\nmargine de Coda de Pullis\nmonte d\'Oiastrai\nFlumen maiore\nMabrikella\nflumen de Teclata\nkercos clopatos\npratu de cavallos\nelikes de S. Janne\nvadu de Teclata\nbia maiore\nfuntana salsa\nbadu maiore de vite\nelike iscusoria de vadu d\'elike\nriu de Bonasiias\nnurake de Guthoppor\niscala de Labru\npetra de Thilomor\nmonticlu dess\'Iscopa Libida\nS. Maria de Curin'),
(29, 29, 'Famiglia Barithos, servi\nDonnu Petru de Serra caballare', 'Domo', 'Biblioteca Universitaria di Sassari (Ms. 95)', '1130-1147*', 'Monastero di San Pietro di Silki', 'Monastero di San Pietro di Silki', 'Sardo', 'CSPS\nVillaggi abbandonati', 'Teclata'),
(30, 30, 'Comita de Tutar\nGosantine de Tutar', '', 'Biblioteca Universitaria di Sassari (Ms. 95)', '1082-1127*', 'Monastero di San Pietro di Silki', 'Monastero di San Pietro di Silki', 'Sardo', 'CSPS', ''),
(31, 31, 'Presnaki de Tutar', '', 'Biblioteca Universitaria di Sassari (Ms. 95)', '1130-1147*', 'Monastero di San Pietro di Silki', 'Monastero di San Pietro di Silki', 'Sardo', 'CSPS', ''),
(32, 32, 'Comita de Tutar', '', 'Biblioteca Universitaria di Sassari (Ms. 95)', '1130-1147*', 'Monastero di San Pietro di Silki', 'Monastero di San Pietro di Silki', 'Sardo', 'CSPS', ''),
(33, 33, 'Mariane de  ori, curatore', 'Curatoria', 'Biblioteca Universitaria di Cagliari (Ms. 278).', '1082-1127 (Costantino I)', 'Monastero di San Nicola di Trullas', 'Monastero di San Nicola di Trullas', 'Sardo', 'CSNT', 'Nurcar'),
(34, 34, 'Preciosa d\'Athen\nDorcotori Manicas', 'Saltos\n\nSaltu', 'Biblioteca Universitaria di Cagliari (Ms. 278).', '1147-1153 (Gonnario-Barisone II)', 'Monastero di San Nicola di Trullas', 'Monastero di San Nicola di Trullas', 'Sardo', 'CSNT', 'Nurcar\nFavules\nMarrariu de Vosa\nSerra de Sete fontanas\nPadule de Gorare'),
(35, 35, 'Petru de Tutar', '', 'Biblioteca Universitaria di Cagliari (Ms. 278).', '', 'Monastero di San Nicola di Trullas', 'Monastero di San Nicola di Trullas', 'Sardo', 'CSNT', ''),
(36, 36, 'Donnu Petru, priore', '', 'Biblioteca Universitaria di Cagliari (Ms. 278)', '[1150-1153]*', 'Monastero di San Nicola di Trullas', 'Monastero di San Nicola di Trullas', 'Sardo', 'CSNT', 'Ferrukesos [Ferrucesos]'),
(37, 37, 'Petru de Tutar', '', 'Biblioteca Universitaria di Cagliari (Ms. 278).', '', 'Monastero di San Nicola di Trullas', 'Monastero di San Nicola di Trullas', 'Sardo', 'CSNT', ''),
(38, 38, 'Elene Manicas', 'Villa', 'Biblioteca Universitaria di Cagliari (Ms. 278).', '', 'Monastero di San Nicola di Trullas', 'Monastero di San Nicola di Trullas', 'Sardo', 'CSNT\nAtlante Sardegna\nVillaggi abbandonati', 'Minerba [Minerva]'),
(39, 39, 'Gosantine Manicas', '', 'Biblioteca Universitaria di Cagliari (Ms. 278).', '', 'Monastero di San Nicola di Trullas', 'Monastero di San Nicola di Trullas', 'Sardo', 'CSNT\nAtlante Sardegna\nVillaggi abbandonati', 'Minerba [Minerva]'),
(40, 40, '', 'Chiesa', 'Arch. Vat., Coll. 212, ff. 4-112.', '', 'Chiesa di Roma', 'Chiesa di Roma', 'Latino', 'RD', 'Exxortere [Mogultera?]'),
(41, 41, 'Petro Muto, rettore', 'Chiesa', 'Arch. Vat., Coll. 212, ff. 4-112.', '', 'Chiesa di Roma', 'Chiesa di Roma', 'Latino', 'RD\nAtlante Sardegna\nMonteleone Rocca Doria\nVillaggi abbandonati', 'Minerba [Minerva]*'),
(42, 42, 'Pessavallo*, priore', '', 'Arch. Vat., Coll. 212, ff. 4-112.', '', 'Chiesa di Roma', 'Chiesa di Roma', 'Latino', 'RD\nMonteleone Rocca Doria', 'Mons Leonis [Monteleone]'),
(43, 43, '', '\n', 'Arch. Vat., Coll. 212, ff. 4-112.', '', 'Chiesa di Roma', 'Chiesa di Roma', 'Latino', 'RD', 'Nune'),
(44, 44, '', '', 'Arch. Vat., Coll. 212, ff. 4-112.', '', 'Chiesa di Roma', 'Chiesa di Roma', 'Latino', 'RD', 'Suttamonte'),
(45, 45, '', '', 'Arch. Vat., Coll. 212, ff. 4-112.', '', 'Chiesa di Roma', 'Chiesa di Roma', 'Latino', 'RD\nAtlante Sardegna', 'Avellanis* [Avellanas]'),
(46, 46, '', '', 'Arch. Vat., Coll. 212, ff. 4-112.', '', 'Chiesa di Roma', 'Chiesa di Roma', 'Latino', 'RD\nMonteleone Rocca Doria', 'Salamata* [Salamatter]'),
(47, 47, '', '', 'Arch. Vat., Coll. 212, ff. 4-112.', '', 'Chiesa di Roma', 'Chiesa di Roma', 'Latino', 'RD', 'Feirgoresio [Ferrucesos]'),
(48, 48, '', '', 'Arch. Vat., Coll. 212, ff. 126-211v.', '', 'Chiesa di Roma', 'Chiesa di Roma', 'Latino', 'RD\nVillaggi abbandonati', 'Campuy [Campui]\nTeglada [Teclata]'),
(49, 49, '', '', 'Arch. Vat., Coll. 212, ff. 126-211v.', '', 'Chiesa di Roma', 'Chiesa di Roma', 'Latino', 'RD', 'Sutamonte [Suttamonte]'),
(50, 50, '', '', 'Arch. Vat., Coll. 212, ff. 126-211v.', '', 'Chiesa di Roma', 'Chiesa di Roma', 'Latino', 'RD\nAtlante Sardegna', 'Avellanes* [Avellanas]'),
(51, 51, '', '', 'Arch. Vat., Coll. 212, ff. 126-211v.', '', 'Chiesa di Roma', 'Chiesa di Roma', 'Latino', 'RD', 'Nune'),
(52, 52, '', '', 'Arch. Vat., Coll. 212, ff. 126-211v.', '', 'Chiesa di Roma', 'Chiesa di Roma', 'Latino', 'RD', 'Morgeterio [Mogultera?]'),
(53, 53, '', '', 'Arch. Vat., Coll. 212, ff. 126-211v.', '', 'Chiesa di Roma', 'Chiesa di Roma', 'Latino', 'RD\nMonteleone Rocca Doria', 'Salamata* [Salamatter]'),
(54, 54, '', 'Chiesa\nChiesa', 'Arch. Vat., Coll. 245, ff. 14-97v.', '', 'Chiesa di Roma', 'Chiesa di Roma', 'Latino', 'RD\nVillaggi abbandonati', 'Tecleta [Teclata]\nCampuy [Campui]'),
(55, 55, '', 'Chiesa', 'Arch. Vat., Coll. 245, ff. 14-97v.', '', 'Chiesa di Roma', 'Chiesa di Roma', 'Latino', 'RD\nMonteleone Rocca Doria', 'Interiola'),
(56, 56, '', 'Chiesa', 'Arch. Vat., Coll. 245, ff. 14-97v.', '', 'Chiesa di Roma', 'Chiesa di Roma', 'Latino', 'RD', 'Nune'),
(57, 57, '', 'Chiesa', 'Arch. Vat., Coll. 245, ff. 14-97v.', '', 'Chiesa di Roma', 'Chiesa di Roma', 'Latino', 'RD\nAtlante Sardegna\nMonteleone Rocca Doria', 'Menerba [Minerva]*'),
(58, 58, '', 'Chiesa', 'Arch. Vat., Coll. 245, ff. 14-97v.', '', 'Chiesa di Roma', 'Chiesa di Roma', 'Latino', 'RD\nMonteleone Rocca Doria', 'Mons Leonis [Monteleone]'),
(59, 59, '', 'Chiesa', 'Arch. Vat., Coll. 245, ff. 14-97v.', '', 'Chiesa di Roma', 'Chiesa di Roma', 'Latino', 'RD', 'Suptamonte [Suttamonte]'),
(60, 60, '', 'Villa e chiesa', 'Arch. Vat., Coll. 245, ff. 14-97v.', '', 'Chiesa di Roma', 'Chiesa di Roma', 'Latino', 'RD', 'Mogortse [Mogultera?]'),
(61, 61, 'Barisono, canonico e rettore', '', 'Arch. Vat., Coll. 245, ff. 14-97v.', '', 'Chiesa di Roma', 'Chiesa di Roma', 'Latino', 'RD\nAtlante Sardegna\nMonteleone Rocca Doria\nVillaggi abbandonati', 'Minerba [Minerva]*'),
(62, 62, 'Petro, prete e rettore', 'Villa', 'Arch. Vat., Coll. 245, ff. 14-97v.', '', 'Chiesa di Roma', 'Chiesa di Roma', 'Latino', 'RD', 'Subtamonte [Suttamonte]'),
(63, 63, 'Petro, prete e rettore', 'Villa', 'Arch. Vat., Coll. 245, ff. 14-97v.', '', 'Chiesa di Roma', 'Chiesa di Roma', 'Latino', 'RD', 'Nune'),
(64, 64, 'Petro, prete e rettore', '', 'Arch. Vat., Coll. 245, ff. 14-97v.', '', 'Chiesa di Roma', 'Chiesa di Roma', 'Latino', 'RD\nVillaggi abbandonati', 'Campuy  [Campui]\nTeglata  [Teclata]'),
(65, 65, 'Nicholai, priore', '\nChiesa\nChiesa', 'Arch. Vat., Coll. 245, ff. 14-97v.', '', 'Chiesa di Roma', 'Chiesa di Roma', 'Latino', 'RD\nMonteleone Rocca Doria', 'Mons Leonis [Monteleone]\nInteriola  \nSalamater  [Salamatter]'),
(66, 66, '', 'Priorato', 'Arch. Vat., Coll. 245, ff. 14-97v.', '', 'Chiesa di Roma', 'Chiesa di Roma', 'Latino', 'RD\nMonteleone Rocca Doria', 'Mons Leonis [Monteleone]'),
(67, 67, '', 'Chiesa', 'Arch. Vat., Coll. 245, ff. 14-97v.', '', 'Chiesa di Roma', 'Chiesa di Roma', 'Latino', 'RD', 'Nune'),
(68, 68, '', 'Chiesa', 'Arch. Vat., Coll. 245, ff. 14-97v.', '', 'Chiesa di Roma', 'Chiesa di Roma', 'Latino', 'RD\nAtlante Sardegna\nMonteleone Rocca Doria', 'Menerba [Minerva]*'),
(69, 69, '', 'Chiesa', 'Arch. Vat., Coll. 245, ff. 14-97v.', '', 'Chiesa di Roma', 'Chiesa di Roma', 'Latino', 'RD', 'Subtamonte [Suttamonte]'),
(70, 70, '', 'Chiesa', 'Arch. Vat., Coll. 245, ff. 14-97v.', '', 'Chiesa di Roma', 'Chiesa di Roma', 'Latino', 'RD\nAtlante Sardegna', 'Avellanis* [Avellanas]'),
(71, 71, '', 'Chiesa', 'Arch. Vat., Coll. 245, ff. 14-97v.', '', 'Chiesa di Roma', 'Chiesa di Roma', 'Latino', 'RD', 'Campuy  [Campui]'),
(72, 72, '', 'Chiesa', 'Arch. Vat., Coll. 246, ff. 136-158.', '', 'Chiesa di Roma', 'Chiesa di Roma', 'Latino', 'RD\nAtlante Sardegna', 'Annerba [Minerva]*'),
(73, 73, '', 'Chiesa', 'Arch. Vat., Coll. 246, ff. 136-158.', '', 'Chiesa di Roma', 'Chiesa di Roma', 'Latino', 'RD', 'Seclada in campo  [Teclata e Campui?]*'),
(74, 74, '', 'Chiesa', 'Arch. Vat., Coll. 246, ff. 136-158.', '', 'Chiesa di Roma', 'Chiesa di Roma', 'Latino', 'RD', 'Mogorgor  [Mogultera?]'),
(75, 75, '', 'Chiesa', 'Arch. Vat., Coll. 246, ff. 136-158.', '', 'Chiesa di Roma', 'Chiesa di Roma', 'Latino', 'RD', 'Saternira salmata [Interiola e Salamatter]'),
(76, 76, '', 'Chiesa e villa', 'Arch. Vat., Coll. 246, ff. 136-158.', '', 'Chiesa di Roma', 'Chiesa di Roma', 'Latino', 'RD', 'Subtus monte [Suttamonte]'),
(77, 77, '', 'Chiesa', 'Arch. Vat., Coll. 246, ff. 136-158.', '', 'Chiesa di Roma', 'Chiesa di Roma', 'Latino', 'RD\nMonteleone Rocca Doria', 'Mons Leonis [Monteleone]'),
(78, 78, '', 'Chiesa', 'Arch. Vat., Coll. 246, ff. 136-158.', '', 'Chiesa di Roma', 'Chiesa di Roma', 'Latino', 'RD\nAtlante Sardegna', 'Minussades [Minutadas]*'),
(79, 79, '', 'Chiesa', 'Arch. Vat., Coll. 246, ff. 136-158.', '', 'Chiesa di Roma', 'Chiesa di Roma', 'Latino', 'RD', 'Sotamonte [Suttamonte]'),
(80, 80, 'Pietro (de Laccon)', 'Regione', 'Bibl. Univ. CA: ms. 84, S.P.6.3.32, S.P.6,5.52, S.P.6,5.53, S. P. 6.6.19; Bibl. Univ. SS: ms. 147; British Libary Londra: ADD. 10.026 [indicazione archivistica Fara, ed. Cadoni].', '1127-1153 ca.', '', '', 'Latino', 'Opera 2', 'Nurcara'),
(81, 81, '', 'Regione', 'Bibl. Univ. CA: ms. 84, S.P.6.3.32, S.P.6,5.52, S.P.6,5.53, S. P. 6.6.19; Bibl. Univ. SS: ms. 147; British Libary Londra: ADD. 10.026 [indicazione archivistica Fara, ed. Cadoni].', '1298 ca.', '', '', 'Latino', 'Opera 2', 'Nurcara'),
(82, 82, '', 'Castello\nRegio curatoriae', 'Bibl. Univ. CA: ms. 84, S.P.6.3.32, S.P.6,5.52, S.P.6,5.53, S. P. 6.6.19; Bibl. Univ. SS: ms. 147; British Libary Londra: ADD. 10.026 [indicazione archivistica Fara, ed. Cadoni].', '1272', '', '', 'Latino', 'Opera 2\nMonteleone Rocca Doria', 'Mons Leonis [Monteleone]\nNurcara'),
(83, 83, 'Brancaleone Doria, conte', '', 'A.C.A., Canc., C. R. D. Pietro IV, Cassa 37, Carta 51 [vecchia collocazione]', '', 'Berenguer de Vallsera, segretario della regina (Sibilla de Forti )', 'Brancaleone Doria', 'Latino', 'CRD Pietro IV', 'Mons Leonis [Monteleone]'),
(84, 84, '', 'Nassariu\n', '', '', 'Monastero d Ognissanti di Pisa', 'Monastero d Ognissanti di Pisa, suor Giovanna de Ghaitani (procuratrice della chiesa di Bosove)', 'Sardo', 'CBT2', 'Teclata'),
(85, 85, '', 'Encontrata\nSaltu', 'A.S.C., Regio Demanio, Feudi, b. 9, fasc. 2, c. 4.', '', '', 'Gabriel Nin, luogotenente del procuratore reale del regno di Sardegna, Joan Fabra', 'Latino', 'Bosa', 'Mons Leonis [Monteleone]\nCampus de Bous'),
(86, 86, '', 'Encontrada\nSaltu', 'A.S.C., A.A.R., vol. BC 33, cc.122v-123v.', '', '', 'Gabriel Nin, luogotenente del procuratore reale del regno di Sardegna, Joan Fabra', 'Catalano', 'Bosa', 'Monti Leo [Monteleone]\nCampo de Bous'),
(87, 87, '', 'Saltu\nPorto', 'A.C.A., Canc., reg. 4387, cc. 50r.-51v.', '', 'Vicer  del regno di Sardegna', 'Filippo I re di Spagna', 'Catalano, latino', 'Bosa', 'Minutades [Minutadas]\nIangone [Porto Leone?]*\nMonteleon [Monteleone]'),
(88, 88, '', 'Officialia', 'A.C.A., Canc., reg. 4387, cc. 38r.-39v.', '', 'Vicer  del regno di Sardegna', 'Filippo I re di Spagna', 'Catalano, latino', 'Bosa', 'Montresta'),
(89, 89, 'Matteo Doria', 'Castello', 'ACA, C, Procesos, Vol menes, n. 1', '', 'Pietro IV re d\'Aragona; Mariano IV giudice d\'Arborea', 'Pietro IV re d\'Aragona; Mariano IV giudice d\'Arborea', 'Catalano, latino', 'PCLA 1', 'Montile  [Monteleone]'),
(90, 90, 'Matteo Doria', 'Castello', 'ACA, C, Procesos, Vol menes, n. 1', '', 'Mariano IV giudice d\'Arborea', 'Arnau Aranyola, procuratore di Pietro IV re d\'Aragona', 'Catalano, latino', 'PCLA 1', 'Montile  [Monteleone]'),
(91, 91, '', '', 'ACA, C, Procesos, Vol menes, n. 1', '1353', 'Bertran de Pinos', 'Pietro IV re d\'Aragona', 'Latino, Catalano', 'PCLA 1', 'Muntile  [Monteleone]'),
(92, 92, '', 'Castello', 'ACA, C, Procesos, Vol menes, n. 1', '[1355]*', '', '', 'Catalano, latino', 'PCLA 1', 'Mons Leonis [Monteleone]'),
(93, 93, '', '', 'A.C.A., Canc., reg. 1025, f. 23 (1 ).', '', 'Bernat de Cru lles governatore del Capo di Logudoro', 'Pietro IV re d\'Aragona', '', 'Genova e Aragona', 'Menutades [Minutadas]'),
(94, 94, 'Araone', 'Villa\nVilla\nVilla\nCastello', 'A.C.A., V. de Canc., reg. 69, f. 11v.', '1360', '', '', '', 'Genova e Aragona\nCoghinas\nMonteleone Rocca Doria', 'Menussades [Minutadas]\nMorgate [Mogultera?]\nMinerva\nMonteleone'),
(95, 95, 'Brancaleone Doria\nBrancaleone Doria\nBrancaleone Doria\nBrancaleone Doria\nBrancaleone Doria\nBrancaleone Doria\nBrancaleone Doria\nGaleazzo Doria\nManfredi Doria\nManfredi Doria\nMoruello Doria', 'Villa\nVilla\nVilla\nVilla\nVilla\nCastello\nVilla\nVilla\nVilla\nVilla\nVilla', 'A.C.A., Canc., Papeles por incorporar, caja 22, n. 425.', '1350 ca.', '', '', '', 'Possedimenti dei Doria\nCastelsardo', 'Enteriora [Interiola]\nSalamasar  [Salamatter]\nNune\nValanas [Avellanas]\nSota Montes [Suttamonte]\nMonte Leo [Monteleone] \nCampuy [Campui]\nMinerba [Minerva]\nManusades [Minutadas]\nMugorten [Mogultera]\nTachglada  [Teclata]'),
(96, 96, '', 'Castello\n\nCuratoria', 'A.C.A., sez. Cancill ria, fondo Papeles para encorporar, Extra saccos (8. Armari de Sardenya), fasc. n. 133/3, gi  fasc. n. 455, f. 4v.', '', 'Brancaleone e Matteo Doria', 'Guillem de Cervell  governatore e riformatore generale del regno di Sardegna', '', 'Doria e Aragona', 'Monteleone\nCapo dabbas e Nurchario [Nurcar]'),
(97, 97, '', '\nMonastero e chiesa\n\nChiesa\n', 'ASC B-6 f. 218.', '', '', '', '', 'Villaggi abbandonati', 'Minutades/Menussades[Minutadas]\nS. Michele di Ferruciso o Furrighesos \nS. Marta in Ferruciso [Ferrucesos]'),
(98, 98, '', '', '', '1750', '', '', '', 'Villaggi abbandonati', 'S. Cristoforo di Montresta \nMontresta'),
(99, 99, '', '', '', '1436 ca.', '', '', '', 'Villaggi abbandonati', 'Villanova/Villanova Monteleone'),
(100, 100, '\n', 'Saltu\nSaltu', 'Biblioteca Universitaria di Sassari (Ms. 95)', '1130-1147?*', 'Monastero di San Pietro di Silki', 'Monastero di San Pietro di Silki', 'Sardo', 'CSPS', 'Baniaria*\nCampu de Boes: iscala dessu Caprione, Leporariu'),
(101, 101, '\n', 'Saltu\n', 'Biblioteca Universitaria di Sassari (Ms. 95)', '1130-1147?*', 'Monastero di San Pietro di Silki', 'Monastero di San Pietro di Silki', 'Sardo', 'CSPS', 'Baniaria\nCotina dessu Lepporariu\niscla dessu Cavallu\nfundu dessu kerku\nfundu dessu monimentu\nvia de Petrade'),
(102, 102, '', 'Regione e castello\n\n\n\n\nChiesa', 'Bibl. Univ. CA: S.P.6.3.33, S.P.6.5. 42, S.P.6,5.52; Bibl. Univ. SS: ms. 166 [indicazione archivistica Fara, ed. Cadoni].', '1383; 1435; 1582', '', '', 'Latino', 'Opera 1\nAtlante Sardegna\nVillaggi abbandonati\nMontecassino', 'Mons Leonis  [Monteleone]\nVilla Nova\nRomana\nMinutades [Minutadas]\nS. Michele di Furriguessos [Ferrucesos]\nMassada\nMons Curtei [Muntcorter]\nS. Victoria\nMinerva *'),
(103, 103, '', 'Monte\nFiume\nMonte', 'Bibl. Univ. CA: S.P.6.3.33, S.P.6.5. 42, S.P.6,5.52; Bibl. Univ. SS: ms. 166 [indicazione archivistica Fara, ed. Cadoni].', '', '', '', 'Latino', 'Opera 1\nAtlante Sardegna\nMonteleone Rocca Doria', 'Minerva\nCampus Bovinus*\nMons Cucus\nVilla Nova \nRomana\nMons Leonis [Monteleone]'),
(104, 104, '', '\nMonastero', 'Bibl. Univ. CA: S.P.6.3.33, S.P.6.5. 42, S.P.6,5.52; Bibl. Univ. SS: ms. 166 [indicazione archivistica Fara, ed. Cadoni].', '', '', '', 'Latino', 'Opera 1\nAtlante Sardegna', 'Minutades [Minutadas]\nSanta Maria'),
(105, 105, '', 'Regione\nGrotta', 'Bibl. Univ. CA: S.P.6.3.33, S.P.6.5. 42, S.P.6,5.52; Bibl. Univ. SS: ms. 166 [indicazione archivistica Fara, ed. Cadoni].', '', '', '', 'Latino', 'Opera 1', 'Mons Leonis [Monteleone]\nS. Lussorio'),
(106, 106, '', '\nFiume\nMonte', 'Bibl. Univ. CA: S.P.6.3.33, S.P.6.5. 42, S.P.6,5.52; Bibl. Univ. SS: ms. 166 [indicazione archivistica Fara, ed. Cadoni].', '', '', '', 'Latino', 'Opera 1\nAtlante Sardegna', 'Villa Nova Mons Leonis\nMonsforcatus\nMons Cuchus '),
(107, 107, '', 'Contea', 'Bibl. Univ. CA: S.P.6.3.33, S.P.6.5. 42, S.P.6,5.52; Bibl. Univ. SS: ms. 166 [indicazione archivistica Fara, ed. Cadoni].', '', '', '', 'Latino', 'Opera 1', 'Mons Leonis [Monteleone]'),
(108, 108, '', 'Villaggio\nChiesa\nVillaggio', 'Bibl. Univ. CA: ms. 84, S.P.6.3.32, S.P.6,5.52, S.P.6,5.53, S. P. 6.6.19; Bibl. Univ. SS: ms. 147; British Libary Londra: ADD. 10.026 [indicazione archivistica Fara, ed. Cadoni].', '1358', '', '', 'Latino', 'Opera 3\nAtlante Sardegna\nMonteleone Rocca Doria', 'Minutades [Minutadas]\nS. Maria di Minutades\nMinerva'),
(109, 109, 'Bernardo Simoni', 'Castello e regione', 'Bibl. Univ. CA: ms. 84, S.P.6.3.32, S.P.6,5.52, S.P.6,5.53, S. P. 6.6.19; Bibl. Univ. SS: ms. 147; British Libary Londra: ADD. 10.026 [indicazione archivistica Fara, ed. Cadoni].', '1537', '', '', 'Latino', 'Opera 3\nMonteleone Rocca Doria', 'Mons Leonis [Monteleone]'),
(110, 110, 'Nicoloso Doria, conte', 'Castello', 'Bibl. Univ. CA: ms. 84, S.P.6.3.32, S.P.6,5.52, S.P.6,5.53, S. P. 6.6.19; Bibl. Univ. SS: ms. 147; British Libary Londra: ADD. 10.026 [indicazione archivistica Fara, ed. Cadoni].', '1434', '', '', 'Latino', 'Opera 3\nMonteleone Rocca Doria', 'Mons Leonis\nMons Spirellus/Su bastione*'),
(111, 111, '', '', 'Bibl. Univ. CA: ms. 84, S.P.6.3.32, S.P.6,5.52, S.P.6,5.53, S. P. 6.6.19; Bibl. Univ. SS: ms. 147; British Libary Londra: ADD. 10.026 [indicazione archivistica Fara, ed. Cadoni].', 'Anni \'40 del XIV sec.', '', '', 'Latino', 'Opera 3', 'Mons Leonis [Monteleone]'),
(112, 112, 'Nicoloso Doria, Rogerius Besora\nBernat Sellent alias Pujades\nBernat Sellent alias Pujades \nBernat Sellent alias Pujades \n\n\nNicol  Solari*', 'Castello\n\n\n\n\n\nVillaggio', 'Bibl. Univ. CA: ms. 84, S.P.6.3.32, S.P.6,5.52, S.P.6,5.53, S. P. 6.6.19; Bibl. Univ. SS: ms. 147; British Libary Londra: ADD. 10.026 [indicazione archivistica Fara, ed. Cadoni].', '1436', '', '', 'Latino', 'Opera 3\nAtlante Sardegna\nMonteleone Rocca Doria', 'Mons Leonis [Monteleone]\nMinutades [Minutadas]\nMassada\nMonte Curtei [Muntcorter]\nS. Victoria\nCabuabbas\nMinerva'),
(113, 113, 'Guglielmo Ratelli, rettore\nGuglielmo Ratelli, rettore', '', 'Arch. Vat., Coll. 212, ff. 4-112.', '', 'Chiesa di Roma', 'Chiesa di Roma', 'Latino', 'RD', '(Teclata) \n(Campuy) [Campui]'),
(114, 114, '', 'Castello\n\nCuratoria', 'A.C.A., sez. Cancill ria, fondo Papeles para encorporar, Extra saccos (8. Armari de Sardenya), fasc. n. 133/3, gi  fasc. n. 455, f. 6.', '', 'Manfredi Doria', 'Guillem de Cervell  governatore e riformatore generale del regno di Sardegna', '', 'Doria e Aragona', 'Monteleone\nCapo dabbas e Nurchario [Nurcar]'),
(115, 115, '', 'Castello\n\nCuratoria', 'A.C.A., sez. Cancill ria, fondo Papeles para encorporar, Extra saccos (8. Armari de Sardenya), fasc. n. 133/3, gi  fasc. n. 455, f. 7v.', '', 'Brancaleone, Matteo e Manfredi Doria', 'Guillem de Cervell  governatore e riformatore generale del regno di Sardegna', '', 'Doria e Aragona', 'Monteleone\nCapo dabbas e Nurchario [Nurcar]'),
(116, 116, 'Brancaleone Doria', 'Castello', 'A.C.A., Canc., reg. 1018, ff. 53v.', '1349', 'Pietro IV re d\'Aragona; Mariano IV giudice d\'Arborea e Giovanni d\'Arborea', 'Pietro IV re d\'Aragona; Mariano IV giudice d\'Arborea e Giovanni d\'Arborea', '', 'Genova e Aragona', 'Monteleone'),
(117, 117, 'Matteo e Manfredi Doria', 'Feudo\nCuratoria', 'A.C.A., Canc., reg. 1020, f. 151v. ', '', 'Matteo e Manfredi Doria', 'Pietro IV re d\'Aragona', '', 'Genova e Aragona', 'Monteleone\nNurcara'),
(118, 118, 'Araone Doria', 'Villa', 'A.C.A., Canc., reg. 1148, f. 100 (2 ).', '1356', 'Bernat de Tous', 'Pietro IV re d\'Aragona', 'Catalano', 'Genova e Aragona', 'Minussades [Minutadas]'),
(119, 119, 'Brancaleone Doria', 'Villa', 'A.C.A., Canc., reg. 1178, f. 62-62v.', '', 'Pietro IV re d\'Aragona; Brancaleone Doria', 'Pietro IV re d\'Aragona; Brancaleone Doria', '', 'Genova e Aragona', 'Monteleone'),
(120, 120, '', 'Curatoria', 'ACA, C, Procesos, Vol menes, n. 2', '', '', '', 'Latino', 'PCLA 2-3', 'Mons Leonis [Monteleone]'),
(121, 121, '', 'Castello', 'ACA, C, Procesos, Vol menes, n. 3', '[1353], settembre 8', '', '', 'Latino', 'PCLA 2-3', 'Montileone [Monteleone]'),
(122, 122, '', 'Castello, borgo o villa', 'ACA, C, Procesos, Vol menes, n. 3', '[1353], settembre', '', '', 'Latino', 'PCLA 2-3', 'Mons Leonis [Monteleone]'),
(123, 123, '', 'Villa', 'ACA, C, Procesos, Vol menes, n. 3', '[1353], ottobre', '', '', 'Latino', 'PCLA 2-3', 'Mons Leonis [Monteleone]'),
(124, 124, '', '', 'ACA, C, Procesos, Vol menes, n. 3', '', 'Mariano IV giudice d\'Arborea', 'Gilabert de Centelles', 'Catalano, latino', 'PCLA 2-3', 'Montile  [Monteleone]'),
(125, 125, '', 'Villa', 'ACA, C, Procesos, Vol menes, n. 3', '', 'Timbor de Rocabert , giudicessa d\'Arborea', 'Gilabert de Centelles', 'Catalano', 'PCLA 2-3', 'Muntile  [Monteleone]'),
(126, 126, '', '', 'ACA, C, Procesos, Vol menes, n. 3', '[1353], novembre', 'Gilabert de Centelles', 'Mariano IV giudice d\'Arborea', 'Latino', 'PCLA 2-3', 'Mons Leonis [Monteleone]'),
(127, 127, '', '', 'ACA, C, Procesos, Vol menes, n. 3', '', 'Gilabert de Centelles', 'Timbor de Rocabert , giudicessa d\'Arborea', 'Catalano, latino', 'PCLA 2-3', 'Montile  [Monteleone]'),
(128, 128, '', 'Castello', 'ACA, C, Procesos, Vol menes, n. 3', '', 'Probiviri della citt  di Barcellona', 'Mariano IV giudice d\'Arborea', 'Latino', 'PCLA 2-3', 'Mons Leonis [Monteleone]'),
(129, 129, '', 'Castello', 'ASC, AAR, vol. L1, cc. 110r-113r.', '', 'Pere Barral', 'Jaume de Besora', 'Latino', 'Cabreo L1', 'Mons Leonis [Monteleone]'),
(130, 130, '', 'Castello', 'ASC, AAR, vol. L1, cc. 113r-113v.', '', '', '', 'Latino', 'Cabreo L1', 'Mons Leonis [Monteleone]'),
(131, 131, '', '', 'ASC, AAR, vol. L1, cc. 134r-138v.', '', 'Angelo Cano', 'Ramon de Riusech, alias Francesc Gilabert de Centelles', 'Catalano, latino', 'Cabreo L1', 'Montili  [Monteleone]'),
(132, 132, '', '\nSaltu*', 'ASC, AAR, vol. L1, cc. 162r-163r.', '', 'Nicola de Zori', 'Nicol  Doria', 'Latino, sardo', 'Cabreo L1', 'Monteleone\nAlinos '),
(133, 133, 'Saturnino Pinna', 'Villa\n\nSaltu\n\nVilla\nSaltu', 'ASC, AAR, vol. L1, cc.  160v-162r.\nBibl. Univ. CA: ms. 84, S.P.6.3.32, S.P.6,5.52, S.P.6,5.53, S. P. 6.6.19; Bibl. Univ. SS: ms. 147; British Libary Londra: ADD. 10.026 [indicazione archivistica Fara, ed. Cadoni].', '', 'Saturnino Pinna', 'Dalmau de Jard , governatore e riformatore del Capo di Logudoro', 'Latino', 'Cabreo L1\nOpera 3\nAtlante Sardegna\nMonteleone Rocca Doria', 'Menussades/Minutades [Minutadas]\nValle Alinos\nS. Donato\nMuntquarter [Muntcorter?]\nCavalls de Seyo\nS. Anastasia'),
(134, 134, '', 'Villaggio\nVillaggio', 'ASC, AAR, vol. L1, cc. 25v-26r.', '', '(Governatore del Capo di Logudoro)*', 'Pietro IV re d\'Aragona', 'Latino', 'Cabreo L1', 'Menussades [Minutadas]\nMuntquarter [Muntcorter?]'),
(135, 135, '', 'Castello\nSaltu\n\n\n\n\n\n', 'ASC, AAR, vol. L1, cc. 100v-104r.', '', 'Jaspert Ferret iunior', 'Jaume de Besora', 'Latino', 'Cabreo L1', 'Mons Leonis [Monteleone]\nCampo/Canpo de Bous \nriu de Set Voltes\nValle Manna\nS. Leonardo\nAlinos\nCuguzaque\nBarriadorge\nLiestade\nVall dela Fellige\nRayguina\nSerra de Ladarargos\nLacono\nCrastos de monte de Naya/ monte de Crastos/Crastos de monte\nScala de Catdos/Iscala de Cardos \nmonte Addos/Atdos\nSancta Maria [...]/Santa Maria Ilita\nPortu rudo/Portu rudu\nPisquinos'),
(136, 136, '', 'Castello', 'ASC, AAR, vol. L1, cc. 118v-119r.', '', 'Giovanni Gambella', 'Jaume de Besora', 'Latino', 'Cabreo L1', 'Mons Leonis [Monteleone]'),
(137, 137, 'Andrea Sanxot\nAndrea Sanxot\nAndrea Sanxot', 'Saltu*\nSaltu\nSaltu', 'ASC, AAR, vol. L1, cc. 163v-164v.', '', 'Andrea Sanxot, abitante di Alghero', 'Jaume de Besora', 'Latino', 'Cabreo L1', 'Valle Alinos\nS. Donato\nCavalls di Seyo'),
(138, 138, '', '\nChiesa\nChiesa', '', '', '', '', '', 'Pozzomaggiore', 'Campuji [Campui] \nS. Lucia\nS. Vittoria\nRomana'),
(139, 139, '', '', '', '1441', '', '', '', 'Pozzomaggiore', 'Curos'),
(140, 140, '', '\n\n\nCasa cantoniera', '', '', '', '', '', 'Pozzomaggiore', 'Ferrukesos [Ferrucesos]\nMinutadas\nMontresta\nSantu Miali'),
(141, 141, '', '\nChiesa', '', '1441', '', '', '', 'Pozzomaggiore', 'Interiola/Terriula [Interiola]\nNostra Signora de Interios\nVillanova'),
(142, 142, '', '', '', '1436-1439', '', '', '', 'Pozzomaggiore', 'Massada'),
(143, 143, '', '\nChiesa', '', 'Fine XV secolo', '', '', '', 'Pozzomaggiore', 'Minerva\nS. Michele di Mierba'),
(144, 144, '', 'Valle\n\nCasa cantoniera\nChiesa', '', '', '', '', '', 'Pozzomaggiore', 'Minutadas\nMontresta\nSantu Miali\nS. Donato'),
(145, 145, '', 'Villa\nChiesa\nChiesa', '', '1370; 1436-1439', '', '', '', 'Pozzomaggiore', 'Mogultera (Mont Cort)\nS. Maria Mater\nS. Pietro\nMontresta'),
(146, 146, '', '', '', '1441', '', '', '', 'Pozzomaggiore', 'Nune'),
(147, 147, '', 'Saltu\nSaltu e villa\nSaltu', '', '1537', '', '', '', 'Pozzomaggiore', 'Norcara (Nurcara)\nS. Lleonart\nCampo de Bous'),
(148, 148, '', '\nChiesa', '', '1436-1440', '', '', '', 'Pozzomaggiore', 'Passarades [Passaradas]*\nS. Alvara\nMontresta'),
(149, 149, '', '', '', '1436', '', '', '', 'Pozzomaggiore', 'Romana'),
(150, 150, '', '\n\n\nValle', '', '1436-1439', '', '', '', 'Pozzomaggiore', 'S. Vittoria\nMaseda \nMonte S. Vittoria\nMinutadas\nMontresta\nVillanova'),
(151, 151, '', '\n\nChiesa', '', '1441', '', '', '', 'Pozzomaggiore', 'Salamatter (Calamatara)\nSalamadas\nS. Caterina\nVillanova'),
(152, 152, '', '', '', '', '', '', '', 'Pozzomaggiore', 'Teclata\nS. Giolzi\nMonte Trigiada*\nNuraghe Trigiada*\nRomana'),
(153, 153, '', '\n\n\nGrotta\nChiesa\nChiesa\nChiesa', '', '', '', '', '', 'Pozzomaggiore', 'Tutar\nNuraghe Tudera*\nMonteleone\nS. Lussorio\nS. Giagu\nS. Giorzi\nS. Ervino'),
(154, 154, 'Nuidas (?) Pinna e Pedro Pinna', 'Villa', 'A.S.C., A.A.R., vol. L4, f. 113.', '', 'Nuidas (?) Pinna e Pietro Pinna', 'Dalmau de Jard ', 'Castigliano', 'Pozzomaggiore', 'Manussades [Minutadas]'),
(155, 155, '', '', 'Biblioteca Universitaria di Cagliari, Sala manoscritti, S. P. 6. 4. 64.', '', '', '[Vescovo di Sorres]', 'Sardo', 'SPS', 'Monteleone'),
(156, 156, 'Messer Nicoloso Doria', '', 'Biblioteca Universitaria di Cagliari, Sala manoscritti, S. P. 6. 4. 64.', '', '', '[Vescovo di Sorres]', 'Sardo', 'SPS', 'Montelione [Monteleone]'),
(157, 157, '\nMatteo, canonico e rettore', 'Castello\nChiesa', 'Biblioteca Universitaria di Cagliari, Sala manoscritti, S. P. 6. 4. 64.', '', 'Matteo, canonico [di Bosa], rettore di S. Stefano, [vescovo di Bosa?]', 'Vescovo di Sorres', 'Latino', 'SPS\nCDS\nMonteleone Rocca Doria', 'Mons Leonis [Monteleone]\nS. Stefano'),
(158, 158, 'Pietro de Lacon', '', 'Bibl. Univ. CA: ms. 84, S.P.6.3.32, S.P.6,5.52, S.P.6,5.53, S. P. 6.6.19; Bibl. Univ. SS: ms. 147; British Libary Londra: ADD. 10.026 [indicazione archivistica Fara, ed. Cadoni].', 'Met  del XII sec.', '', '', 'Latino', 'Opera 2', 'Nurcara'),
(159, 159, 'Brancaleone', '(Castello)', 'Bibl. Univ. CA: ms. 84, S.P.6.3.32, S.P.6,5.52, S.P.6,5.53, S. P. 6.6.19; Bibl. Univ. SS: ms. 147; British Libary Londra: ADD. 10.026 [indicazione archivistica Fara, ed. Cadoni].', '1357', '', '', 'Latino', 'Opera 3\nMonteleone Rocca Doria', 'Mons Leonis [Monteleone]'),
(160, 160, 'Pietro Pinna', '(Villaggio)', 'Bibl. Univ. CA: ms. 84, S.P.6.3.32, S.P.6,5.52, S.P.6,5.53, S. P. 6.6.19; Bibl. Univ. SS: ms. 147; British Libary Londra: ADD. 10.026 [indicazione archivistica Fara, ed. Cadoni].', '1368', '', '', 'Latino', 'Opera 3\nAtlante Sardegna\nMonteleone Rocca Doria', 'Minutades [Minutadas]'),
(161, 161, '', '', 'Biblioteca Universitaria di Cagliari, Sala manoscritti, S. P. 6. 4. 64.', '', '', '[Vescovo di Sorres', 'Latino', 'SPS', 'Mons Leonis [Monteleone]'),
(162, 162, 'Nicol  Doria', '', 'ACA, Canciller a, Cartas Reales Alfonso III, n. 1.478, caja 11.', '', 'Alfonso IV re d\'Aragona', 'Sanxo Aznarez d\'Arbe', 'Catalano', 'Malaspina', 'Montile  [Monteleone]'),
(163, 163, '', '', 'ACA, Canciller a, Papeles por incorporar, caja 3; ACA, Canciller a, Papeles por incorporar, caja 22, n. 480, ff. 1-2.', '', 'Ramon de Cardona, governatore del regno di Sardegna; Filippo Medico*', 'Ramon de Cardona, governatore del regno di Sardegna; Filippo Medico*', 'Latino', 'Malaspina', 'Mons Leonis [Monteleone]\nNuracarii [Nurcar]'),
(164, 164, '', 'Castello', 'ACA, Canciller a, Papeles por incorporar, caja 22, n. 480, ff. 18-19.', '', 'Federico e Azzone Malaspina; esponenti della fam. Doria', 'Federico e Azzone Malaspina; esponenti della fam. Doria', 'Latino', 'Malaspina', 'Mons Leonis [Monteleone]'),
(165, 165, 'Ugolino Pala*', '', 'ACA, Canciller a, Reg. 1031, ff. 121-122.', '', 'Ugolino Pala', 'Bernat de Cru lles, governatore del Capo di Logudoro', 'Latino', 'Malaspina', 'Mons Leonis [Monteleone]'),
(166, 166, '', '\nSaltu', 'A.S.C., A.A.R., AC4, b.75; Madrid, Archivo Hist rico Nacional, secci n Osuna, legajo 635, cc. 21r. - 23v.', '', 'Monastero di San Michele di Salvennor', 'Monastero di San Michele di Salvennor', 'Castigliano', 'CSMS', 'Ferruquesu [Ferrucesos]\nPrado de Itocor y de valle de Calarique'),
(167, 167, '', 'Monastero', 'Archivio dell\'Abbazia di Montecassino, aula III, caps. 1, c.1, n. 8.\nArch. Cassin. Perg. orig. Caps. I, n. 8. - Copia: Caps. I, n. 9; Codice Diplomatico Cassinese.', '', 'Roffredo, abate di Montecassino', 'Papa Innocenzo III', 'Latino', 'Innocenzo III\nMontecassino', 'S. Michele in Ferrucisi* [Ferrucesos]'),
(168, 168, '', 'Regione\nRegione', 'Bibl. Univ. CA: ms. 84, S.P.6.3.32, S.P.6,5.52, S.P.6,5.53, S. P. 6.6.19; Bibl. Univ. SS: ms. 147; British Libary Londra: ADD. 10.026 [indicazione archivistica Fara, ed. Cadoni].', '1440', '', '', 'Latino', 'Opera 3', 'Mons Leonis [Monteleone]\nNurcara'),
(169, 169, '', '\nChiesa', 'Arch. Cassin. Perg. orig. Caps. I, n. 3. - Copia: P. Diac. f. XXIX, n. 46.', '', 'Monastero di Montecassino', 'Papa Callisto II', 'Latino', 'CDS\nMontecassino', 'S. Michele in Ferrucisi [Ferrucesos]'),
(170, 170, '', '', 'Arch. Cassin. Perg. orig. Caps. XI, n. 12. - Copia: Codice Diplomatico Cassinese, a. 1136.', '', 'Monastero di Montecassino', 'Costantino de Athen', 'Latino, sardo', 'CDS\nMontecassino', 'S. Michele di Ferruceso [Ferrucesos]'),
(171, 171, '', '', 'Arch. Cassin. Perg. orig. Caps. XI, n. 38. - Copia: Reg. P. Diac., f. CCXLVIII, n. 590.', '', 'Monastero di Montecassino', 'Comita de Azzen e la moglie Musconione Dezzori', 'Sardo', 'CDS\nMontecassino', 'S. Michele di Ferrucesos/Ferecesos [Ferrucesos]'),
(172, 172, '', '\n\nChiesa', 'Arch. Cassin. Perg. orig. Caps. XI, n. 8. - Copia: Codice Diplomatico Cassinese, a. 1147.', '', 'Monastero di Montecassino', 'Gonnario II giudice di Torres', 'Latino', 'CDS\nMontecassino', 'S. Michele di Ferrugio/Ferrucesio [Ferrucesos]'),
(173, 173, '', '\nChiesa', 'Arch. Cassin. Perg. orig. Caps. I, n. 6. - Copia: nella stessa caps. con lo stesso numero una copia del s. XVI; Codice Diplomatico Cassinese.', '', 'Rainaldo, abate del monastero di Montecassino', 'Papa Alessandro III', 'Latino', 'CDS\nMontecassino', 'S. Michele di Ferrucisi [Ferrucesos]'),
(174, 174, '', '\nChiesa', 'Archivio di Montecassino, Codice Diplomatico Cassinese', '', 'Stefano, abate del monastero di Montecassino', 'Papa Onorio III', 'Latino', 'CDS\nMontecassino', 'S. Michele in Ferucisi [Ferrucesos]'),
(175, 175, '\n\nPetro de Palombaria, priore', '\n\nChiesa', 'Regesto di Tommaso abbate, f. 68 a. t.', '', 'Bartolomeo di Altrubolsia, Landolfo de Villa (abate del monastero di S. Maria di Tergu), Pietro de Palombaria (priore di S. Michele di Ferrukesos)', 'Tommaso, abate del monastero di Montecassino', 'Latino', 'CDS\nMontecassino', 'S. Michele in Forclesis/Forclesiis (Ferrucesi) [Ferrucesos]'),
(176, 176, 'Petrus de Minerba', '', 'Regii Archivi di Corte di Torino, GENOVA, DOCUM. ANTICHI, Serie 1a, Mazz. 8, Num. 8.', '', 'Comune di Genova', 'Araone Doria, procuratore degli abitanti di Alghero', 'Latino', 'CDS', ''),
(177, 177, '', '\nVilla', 'Archivi antichi della citt  di Alghero', '', 'Villa di Alghero', 'Pietro IV re d\'Aragona', 'Latino', 'CDS\nMonteleone Rocca Doria', 'Manu ades/Manussades [Minutadas]'),
(178, 178, '', '\nVilla\n\nVilla', 'Archivi antichi della citt  di Alghero;\nASCa, AAR, L1,  cc. 15r-16r. [indicazione archivistica di F. Me].', '', 'Villa di Alghero', 'Pietro IV re d\'Aragona', 'Latino', 'CDS\nAtlante Sardegna\nCabreo L1', 'Manussades/Menussades [Minutadas]\nMuntcort*/Muntcorter [Muntcorter]'),
(179, 179, 'Guglielmo Seche, podest  Chirico Duras e gli abitanti: Leonardo Murtinu, Cristoforo Pintus, Raymundo Spanu, Francisco Capillu, Joanne Runchura, Nicolao Polighe, Mariano Fancellu, Guantino Marrochu, Guantino Congiu, Joanne de Sustani, Guantino Pinna, Nicolao de Riu, Joanne de Serra, Juliano Barbaracino, Francisco Pischella, Petro de Villa, Simeone Megioradu, Joanne de Muro, Francisco Porchu, Francisco Corssu', 'Castello\nChiesa', 'Regi Archivi di Cagliari, Vol. F. fol. 43;\nBibl. Univ. CA: ms. 84, S.P.6.3.32, S.P.6,5.52, S.P.6,5.53, S. P. 6.6.19; Bibl. Univ. SS: ms. 147; British Libary Londra: ADD. 10.026 [indicazione archivistica Fara, ed. Cadoni].', '', 'Guglielmo Seche', 'Maggiorenti di Monteleone e della contrata di Caputabas', 'Latino', 'CDS\nOpera 3\nMonteleone Rocca Doria\nMeilogu', 'Mons Leonis [Monteleone]\nS. Stefano '),
(180, 180, 'Nicol  Doria', 'Castello', 'Regi Archivi di Cagliari, Registr. K. 4, fol 2, retr. e seg.', '', 'Leonardo Cubello; Pere Torrelles luogotenente generale del re (Martino d\'Aragona)', 'Leonardo Cubello; Pere Torrelles luogotenente generale del re (Martino d\'Aragona)', 'Catalano, latino', 'CDS', 'Muntileh  [Monteleone]'),
(181, 181, 'Nicoloso Doria*\nAmbasciatori*: Franciscu de Sancta Columba, Antonilu Doria, Andria Iscanu, Iohanne de Serra Fara e Gavine Fan elu\nTestimoni: Iulianu Sachoni, Clementi de  ori e P. de  ori', '', 'Regi Archivi di Cagliari, Reg. K. 4, fol 21.', '', 'Ambasciatori di Monteleone; Berenguer Carr s conte di Quirra', 'Ambasciatori di Monteleone; Berenguer Carr s conte di Quirra', 'Sardo', 'CDS\nMonteleone Rocca Doria', 'Monte Leone [Monteleone]'),
(182, 182, 'Nicoloso Doria', 'Castello', 'Archivi della citt  di Sassari;\nBibl. Univ. CA: ms. 84, S.P.6.3.32, S.P.6,5.52, S.P.6,5.53, S. P. 6.6.19; Bibl. Univ. SS: ms. 147; British Libary Londra: ADD. 10.026 [indicazione archivistica Fara, ed. Cadoni].', '', 'Citt  di Sassari', 'Alfonso V re d\'Aragona', 'Latino*', 'CDS\nOpera 3', 'Mons Leonis [Monteleone]'),
(183, 183, 'Nicoloso Doria', 'Castello', 'Regii Archivi di Barcellona, Registr. Itiner. ab ann. MCCCCXXXVI ad MCCCCXXXVII. fol. 80 e seg.', '', 'Antonio Cubello', 'Alfonso V re d\'Aragona', 'Latino', 'CDS\nOpera 3', 'Mons Leonis [Monteleone]'),
(184, 184, '', '', 'Biblioteca Universitaria di Cagliari, Sala manoscritti, S. P. 6. 4. 64.', '', 'Bernab  e Marcuzu', '[Vescovo di Sorres]', 'Sardo', 'SPS', 'Monteleone'),
(185, 185, '', 'Castello', 'A.S.C., A. A. R., vol. K 3, f. 34  [vecchia collocazione]', '', 'Ramon Boter procuratore e luogotenente di Pere Bernes (amministratore delle rendite e dei diritti regi nel Capo di Cagliari)', 'Ug de Rosanes', '', 'Visconti di Narbona', 'Monteleone'),
(186, 186, 'Nicoloso Doria', '', 'A.C.A., Canc., C. R. Alfonso IV, n. 344  [vecchia collocazione]', '', 'Alfonso V re d\'Aragona', 'Consiglieri e probiviri di Cagliari', '', 'Visconti di Narbona', 'Monteleone'),
(187, 187, 'bastardo (Nicoloso)* Doria', '', 'A.C.A., Canc., C. R. Alfonso IV, n. 700  [vecchia collocazione]', '', 'Alfonso V re d\'Aragona', 'Berenguer Carr s conte di Quirra', '', 'Visconti di Narbona', 'Monteleone'),
(188, 188, '', '', 'A.C.A., Canc., C. R. Alfonso IV, n. 482  [vecchia collocazione]', '', 'Alfonso V re d\'Aragona', 'Ferrer Bertran, conservador di Sardegna', '', 'Visconti di Narbona', 'Monteleone'),
(189, 189, '', '', 'A.C.A., Canc., C. R. Alfonso IV, n. 522 [vecchia collocazione]', '', 'Alfonso V re d\'Aragona', 'Luis de Pont s, governatore di Cagliari', '', 'Visconti di Narbona', 'Monteleone'),
(190, 190, 'Nicoloso Doria', '', 'A.C.A., Canc., C. R. Alfonso IV, n. 545 [vecchia collocazione]', '', 'Alfonso V re d\'Aragona', 'Luis de Pont s, governatore di Cagliari', '', 'Visconti di Narbona', 'Monteleone'),
(191, 191, 'bastardo (Nicoloso)* Doria', '', 'A.C.A., Canc., C. R. Alfonso IV, n. 633 [vecchia collocazione]', '', 'Alfonso V re d\'Aragona', 'Ferrer Bertran conservador di Sardegna', '', 'Visconti di Narbona', 'Monteleone'),
(192, 192, 'bastardo (Nicoloso)* Doria', '', 'A.C.A., Canc., C. R. Alfonso IV, n. 966 [vecchia collocazione]', '', 'Alfonso V re d\'Aragona', 'Joan de Corbera', '', 'Visconti di Narbona', 'Monteleone'),
(193, 193, '', '\n\nChiesa', '', '[1174?]*', '', '', '', 'Costa de Addes', 'Villanova Monteleone\nS. Michele di Furrighesos [Ferrucesos]'),
(194, 194, 'Monteleone: Guillem Lombard, [...] de Villa,  Guillem Spaher, castellano Nicola de Bru, Berardo de Ricobono maiore di casa di Matteo Doria, Matteo Arrigueti consigliere, Francesco Pinna maiore panis* di Brancaleone, Stefano Pinna\nSotamonte: Petro Cucurra,pievano, Guantino Solina, Guantino de Serra maiore della villa*', 'Castello\nVilla\nCuratoria', 'A.C.A., sez. Cancill ria, fondo Papeles para encorporar, Extra saccos (8. Armari de Sardenya), fasc. n. 133/3, gi  fasc. n. 455, ff. 12v(2 )-?[ante f.18v].', '', 'Doria; Amministrazione Regia', 'Pere Cabot, procuratore nominato dal governatore del regno di Sardegna', '', 'Doria e Aragona', 'Monteleone\nSotamonte [Suttamonte]\nNurchara [Nurcar]'),
(195, 195, '', 'Castello', 'A.C.A., sez. Cancill ria, fondo Papeles para encorporar, Extra saccos (8. Armari de Sardenya), fasc. n. 133/3, gi  fasc. n. 455, f. 18v-21.', '', 'Pere de Montpalau', 'Guillem de Cervell , governatore e riformatore generale del regno di Sardegna', '', 'Doria e Aragona', 'Monteleone'),
(196, 196, ' Nichola de Bruno, castellano\n', 'Castello\nCuratoria', 'A.C.A., sez. Cancill ria, fondo Papeles para encorporar, Extra saccos (8. Armari de Sardenya), fasc. n. 133/3, gi  fasc. n. 455, ff. 22v-25.', '', 'Doria; Amministrazione Regia', 'Pere de Montpalau, sostituto del governatore del regno di Sardegna ', '', 'Doria e Aragona', 'Monteleone\nNurchara [Nurcar]'),
(197, 197, '', 'Castello\nCuratoria', 'A.C.A., sez. Cancill ria, fondo Papeles para encorporar, Extra saccos (8. Armari de Sardenya), fasc. n. 133/4, gi  fasc. n. 443, f. 1v(2 ).', '', 'Cassano, Brancaleone, Matteo e Manfredi Doria', 'Guillem de Cervell , governatore e riformatore generale del regno di Sardegna', '', 'Doria e Aragona', 'Monteleone\nNurchara [Nurcar]'),
(198, 198, '', 'Castello\n\nCuratoria', 'A.C.A., sez. Cancill ria, fondo Papeles para encorporar, Extra saccos (8. Armari de Sardenya), fasc. n. 133/4, gi  fasc. n. 443, f. 18.', '', 'Doria', 'Guillem de Cervell , governatore e riformatore generale del regno di Sardegna', 'Catalano', 'Doria e Aragona', 'Montile  [Monteleone]\nCapodabbas de Nurchar [Nurcar]'),
(199, 199, '', 'Castello\n\nCuratoria', 'A.C.A., sez. Cancill ria, fondo Papeles para encorporar, Extra saccos (8. Armari de Sardenya), fasc. n. 133/4, gi  fasc. n. 443.', '', 'Doria; Amministrazione Regia', 'Guillem de Cervell , governatore e riformatore generale del regno di Sardegna', '', 'Doria e Aragona', 'Monteleone\nCapodabbas de Nurchar [Nurcar]'),
(200, 200, '', '', '', '', '', '', 'Castigliano', 'Successos generales', 'Minutadas\nPasseradas [Passaradas]*\nMogortera [Mogultera]\nFurriguesos [Ferrucesos]\nMassada\nMonte Carti [Muntcorter]\nS. Vittoria\nMinerua [Minerva]\nCoros [Curos?]'),
(201, 201, '', 'Villaggio', '', '1357', 'Curia regia aragonese', 'Curia regia aragonese', 'Catalano', 'Repartimientos\nAtlante Sardegna\nMeilogu\nCosta de Addes', 'Minussades [Minutadas]*'),
(202, 202, '', 'Villaggio', '', '1358 (maggio)', 'Curia regia aragonese', 'Curia regia aragonese', 'Catalano', 'Repartimientos\nAtlante Sardegna\nMeilogu\nCosta de Addes\nVillaggi abbandonati', 'Minerva\nMogultera*'),
(203, 203, '', '\nChiesa', 'Arch. Cassin. Perg. orig. Caps.VII, n. 17', '', 'Monastero di Montecassino', 'Papa Anastasio IV', 'Latino', 'Montecassino', 'S. Michele in Ferrocesi [Ferrucesos]'),
(204, 204, '', '\nChiesa', 'Archivio di Montecassino, Codice Diplomatico Cassinese.', '', 'Monastero di Montecassino', 'Papa Urbano V', 'Latino', 'Montecassino', 'S. Michele in Ferrucisi [Ferrucesos]'),
(205, 205, '', '\nChiesa', 'Arch. Cassin. Perg. orig., Caps. I, n. 36. - Copia: Cod. Dipl. Cass. ', '', 'Monastero di Montecassino', 'Papa Sisto IV', 'Latino', 'Montecassino', 'S. Michele in Ferusisti [Ferrucesos]'),
(206, 206, 'Monteleone: Francisco Capillo, Stefano de Martes, castellano Nichola de Bru \nSotamonte: Gavino Serra maiore della villa, Pere Catsa, Saltero Pinna, Leonardo Pinna', 'Castello\nCuratoria\nVilla', 'A.C.A., sez. Cancill ria, fondo Papeles para encorporar, Extra saccos (8. Armari de Sardenya), fasc. n. 133/3, gi  fasc. n. 455.', '', 'Doria; Amministrazione Regia', 'Guillem de Cervell , governatore e riformatore generale del regno di Sardegna', '', 'Doria e Aragona', 'Monteleone\nNurcara\nSotamonte [Suttamonte]'),
(207, 207, 'Quiricho d\'Uras, podest ', '', 'A.C.A., Canc., C. R. D. Giovanni I, Cassa 5, Carta 705.', '', 'Francesc de Montbu , governatore del Capo di Logudoro; consiglieri di Alghero', 'Brancaleone Doria, conte di Monteleone', 'Catalano', 'CRD Giovanni I', 'Montile  [Monteleone]'),
(208, 208, '', 'Carcere', 'A.C.A., Real Audiencia, vol. X, ff. 141-142v.', '', 'Joan de Montbu , governatore del regno di Sardegna', 'Brancaleone Doria', 'Latino', 'CRD Giovanni I', 'Mons Leonis [Monteleone]'),
(209, 209, '', '\n\n\nMonte', '', '', '', '', '', 'Angius Casalis\nMonteleone Rocca Doria\nVillaggi abbandonati', 'Monteleone\nNurcara\nVillanova\nLeone\nMinerva\nRomana\nMinutada [Minutadas]\nMassada\nMonte Curtei [Muntcorter] \nS. Vittoria\nTudera [Tutar]*\nBanaria\nCalvia*\nCuros\nPilleddu*\nS. Barbara*\nS. Barbarano*\nS. Nicola*\nS. Pietro*\nS. Quirico*\nTerrioly* '),
(210, 210, '', '', '', '', '', '', '', 'Angius Casalis', 'Villanuova Monteleone\nNurcara\nMonteleone\nRomana\nMinotadas [Minutadas]\nMinerva'),
(211, 211, '', '\nChiesa\nChiesa', '', '', '', '', '', 'Angius Casalis\nVillaggi abbandonati', 'Romana\nS. Lussorio\nS. Ervino'),
(212, 212, '', '\nChiesa', '', '1750', '', '', '', 'Angius Casalis', 'Montresta\nS. Cristoforo'),
(213, 213, '', 'Cala', '', '', '', '', '', 'Angius Casalis', 'Tangone [Porto Leone]'),
(214, 214, '', '', 'ASGe, Pergamene, Mazzo 1551-A [indicazione archivistica di Ferretto]; ora ASGe, Archivio Segreto 1552 (fascicolo riguardante S. Fruttuoso di Capodimonte) [indicazione del dott. Enrico Basso].', '', 'Guglielmo, abate del monastero di S. Fruttuoso di Capodimonte', 'T. [cos  nel testo] vescovo di Bosa*', '', 'Branca Doria\nCastelsardo', 'Monteleone/ Castroleone/ Castel Leone = Monte Tutar');
INSERT INTO `documentoNUR` (`ID_documento_NUR`, `ID_Scheda`, `AntroponimiCitati`, `AttributiToponimiGenerali`, `CollocazioneArchivistica`, `CronologiaDelContenuto`, `Destinatario`, `Ente`, `Lingua`, `Titolo`, `ToponimiGenerali`) VALUES
(215, 215, 'Branca Doria, Saladino e Nicol  ', 'Castello\nChiesa\nChiesa\n\nChiesa\nPorto', 'Ferretto attinge da: P.P.M. OLIVA, Della famiglia Doria. Genealogia storica, 1736, Biblioteca della Societ  Ligure di Storia Patria, ms. 348.', '', 'Frate Bonifacio abate del monastero di S. Fruttuoso di Capodimonte e frate Bernardo priore di S. Matteo in Genova', 'Brancaleone Doria e i nipoti Saladino e Nicol  (figli del fu Mariano, fratello di Brancaleone)', '', 'Branca Doria\nCastelsardo', 'Castel Leone [Monteleone]\nS. Stefano di Castel Leone\nS. Maria di Nuduno\nS. Giovanni Battista di Porto Leone\nPorto Leone'),
(216, 216, '', 'Villa', 'ASC. L 1, f. 17 (a. 1439)*.', '[1439]', '', '', '', 'Atlante Sardegna', 'Montecurt [Muntcorter?]'),
(217, 217, 'Bernat Sellent alias Pujades \nBernat Sellent alias Pujades Bernat Sellent alias Pujades Bernat Sellent alias Pujades \n', 'Villa \nVilla \nVilla \nVilla', 'A.S.C., A.A.R., L2, cc. 186v-191v [altra numerazione: 8v-13v].', '1 ottobre 1436; 10 giugno 1437*', 'Bernat Sellent alias Pujades, abitante di Alghero', 'Alfonso V re d\'Aragona', 'Latino', 'Alghero', 'Manussades [Minutadas]\nMassada\nMontcorter [Muntcorter]\nS. Vittoria'),
(218, 218, 'Giudice Pietro', 'Villaggio', 'Archivio di Stato di Torino, Manoscritto istorico, intitolato Condagues de Sardina [copia della fine XVII   inizi XVIII secolo].', '1187', '', '', 'Sardo', 'Libellus', 'Salmatir  [Salamatter]'),
(219, 219, '', 'Chiesa', '', '', '', '', '', 'Atlante Sardegna', 'Coriaso*'),
(220, 220, '', 'Villa', 'ASC. L 1-2, f. 19 (a. 1439)*.', '[1439]', '', '', '', 'Atlante Sardegna', 'Minutadas'),
(221, 221, '', 'Villa', 'ASC. L 1, f. 7 (a. 1439)*.', '[1439]', '', '', '', 'Atlante Sardegna', 'Minussadas [Minutadas]'),
(222, 222, '', 'Castello\n\n\nChiesa\nChiesa\nChiesa', '', '', '', '', '', 'Angius Casalis\nMonteleone Rocca Doria\nVillaggi abbandonati', 'Monteleone \nTudera [Tutar]*\nCuros\nS. Stefano\nS. Antonio\nS. Barbara'),
(223, 223, 'Brancaleone Doria', 'Carcere', 'Cassa 37, Carta 38 [vecchia collocazione]', '', 'Joan de Montbu , governatore del regno di Sardegna', 'Brancaleone Doria', 'Latino', 'CRD Pietro IV', 'Mons Leonis [Monteleone]'),
(224, 224, '', '', '', '', '', '', '', 'Angius Casalis', 'Nurcara\nMonteleone\nVillanova\nMinutadas\nMassada\nMonte Carti [Muntcorter]\nSantavittoria\nMinerva'),
(225, 225, '', 'Caleta e plauzela', 'Archivo General de Simancas, E 327.', '', '', '', 'Catalano', 'Difesa costiera', 'Langone [Porto Leone]'),
(226, 226, '', '\nChiesa', '', '[1115-1127]', 'Monastero di Montecassino', '', 'Latino', 'Montecassino', 'S. Michele in Ferrucesi [Ferrucesos]'),
(227, 227, '', '\nChiesa', '', '', 'Roffredo, abate di Montecassino', 'Papa Clemente III', 'Latino', 'Montecassino', 'S. Michele in Ferrucisi [Ferrucesos]'),
(228, 228, 'Brancaleone e Bernab  Doria', 'Castello\nCuratoria', '', '1308', '', '', 'Castigliano', 'Anales', 'Montele n [Monteleone]\nNurcharia [Nurcar]'),
(229, 229, 'Cassano Doria', '', '', '1332', '', '', 'Castigliano', 'Anales\nCoghinas', 'Montele n [Monteleone]'),
(230, 230, '', '', '', '1341', '', '', 'Castigliano', 'Anales', 'Montele n [Monteleone]'),
(231, 231, 'Brancaleone, Manfredo e Matteo Doria', 'Baronia, feudo e castello\nCuratoria', 'Bibl. Univ. CA: ms. 84, S.P.6.3.32, S.P.6,5.52, S.P.6,5.53, S. P. 6.6.19; Bibl. Univ. SS: ms. 147; British Libary Londra: ADD. 10.026 [indicazione archivistica Fara, ed. Cadoni].', '1350', '', '', 'Castigliano', 'Anales\nOpera 3\nGenova e Aragona\nMonteleone Rocca Doria\nCastelsardo\nCoghinas', 'Montele n [Monteleone]\nNurchario [Nurcar]'),
(232, 232, 'Matteo Doria, Riambau de Corbera', 'Castello', '', '1352', '', '', 'Castigliano', 'Anales\nGenova e Aragona', 'Montele n [Monteleone]'),
(233, 233, 'Matteo e Manfredo Doria', 'Villa e castello', 'Bibl. Univ. CA: ms. 84, S.P.6.3.32, S.P.6,5.52, S.P.6,5.53, S. P. 6.6.19; Bibl. Univ. SS: ms. 147; British Libary Londra: ADD. 10.026 [indicazione archivistica Fara, ed. Cadoni].', '1353 gennaio 31', '', '', 'Castigliano', 'Anales\nOpera 3\nMonteleone Rocca Doria', 'Montele n [Monteleone]'),
(234, 234, 'Matteo Doria', 'Feudo\nCuratoria', 'A.C.A., Canc., reg. 1024, f. 43v. [indicazione archivistica di Meloni];\nBibl. Univ. CA: ms. 84, S.P.6.3.32, S.P.6,5.52, S.P.6,5.53, S. P. 6.6.19; Bibl. Univ. SS: ms. 147; British Libary Londra: ADD. 10.026 [indicazione archivistica Fara, ed. Cadoni].', '', '(Pietro IV) re d\'Aragona; giudicato d\'Arborea e Doria', '(Pietro IV) re d\'Aragona; giudicato d\'Arborea e Doria', '?', 'Anales\nGenova e Aragona\nOpera 3\nMonteleone Rocca Doria', 'Montele n [Monteleone]\nNurcara'),
(235, 235, 'Brancaleone Doria, conte', 'Contea', 'Bibl. Univ. CA: ms. 84, S.P.6.3.32, S.P.6,5.52, S.P.6,5.53, S. P. 6.6.19; Bibl. Univ. SS: ms. 147; British Libary Londra: ADD. 10.026 [indicazione archivistica Fara, ed. Cadoni].', '1383 giugno 24', '', '', 'Castigliano', 'Anales\nGenova e Aragona\nOpera 3\nMonteleone Rocca Doria\nMeilogu', 'Montele n [Monteleone]'),
(236, 236, '', 'Castello\nCuratoria', '', '', 'Comune di Genova; esponenti della fam. Doria', 'Comune di Genova; esponenti della fam. Doria', 'Latino', 'Castelsardo', '(Monteleone/Castel Leone)\n(Nurcar)\n(Nuduno)\n(Porto Leone)\nTitari [Tutar?]'),
(237, 237, 'Brancaleone e Bernab  Doria', 'Castello\nCuratoria', '', '', 'Giacomo II re d Aragona; Brancaleone e Bernab  Doria', 'Giacomo II re d Aragona; Brancaleone e Bernab  Doria', 'Latino', 'Castelsardo\nCoghinas\nMonteleone Rocca Doria', 'Monteleone\nNurcar'),
(238, 238, '', '', '', '', '(Manuelino e Nicol  Doria)*', '*', '', 'Castelsardo', 'Titari (Monte Tutar?)'),
(239, 239, '', 'Curatoria\n', '', 'Secoli XI-XIII', '', '', '', 'Meilogu', 'Nurcara-Monteleone\nMonteleone Rocca Doria\nRomana\nVillanova Monteleone\nMontresta'),
(240, 240, 'Nicol  Doria', 'Incontrada\nCastello', '', '1410; 1420; 1436', '', '', '', 'Meilogu', 'Cabuabbas\nMonteleone '),
(241, 241, '', '', '', '', '', '', '', 'Monteleone Rocca Doria', 'Monteleone\nNurcara\nCuros\nMonte Nurcaru'),
(242, 242, '', 'Castello', '', '1237', '', '', '', 'Monteleone Rocca Doria', 'Monteleone\nNurcara'),
(243, 243, '', '', '', 'Fine XII secolo', '', '', '', 'Monteleone Rocca Doria', 'Su Monte* [Monteleone?]'),
(244, 244, '', '', '', '1266', '', '', '', 'Monteleone Rocca Doria', 'Monteleone\nNurcara'),
(245, 245, '', 'Castello', '', '1102*', '', '', '', 'Monteleone Rocca Doria', 'Monteleone'),
(246, 246, 'Brancaleone e Barnaba Doria', '', '', '1336 ca. -1340 ca.', '', '', '', 'Monteleone Rocca Doria', 'Monteleone'),
(247, 247, 'Nicoloso Doria', 'Castello', '', '1411', '', '', '', 'Monteleone Rocca Doria', 'Monteleone'),
(248, 248, '', 'Castello', '', '1436-1537', '', '', '', 'Monteleone Rocca Doria', 'Monteleone\nMinutadas\nCuros\nTudera [Tutar]*\nMinerva\nTeclada  [Teclata]'),
(249, 249, '', '', '', '1395', '', '', '', 'Monteleone Rocca Doria', 'Villanova Monteleone'),
(250, 250, '', 'Chiesa', '', '1250-1270*', '', '', '', 'Monteleone Rocca Doria', 'S. Stefano'),
(251, 251, '', 'Chiesa', '', '1436', '', '', '', 'Monteleone Rocca Doria', 'S. Antonio'),
(252, 252, '', 'Chiesa\nChiesa\nChiesa', '', '', '', '', '', 'Monteleone Rocca Doria', 'S. Barbara\nS. Giacomo\nS. Lussorio'),
(253, 253, '\nFrate Nicol , priore', '', '', '', 'Chiesa di Roma', 'Chiesa di Roma', 'Latino', 'RD', 'Ferraquesio/Ferruchesu  [Ferrucesos]'),
(254, 254, '', 'Castello\nIncontrada\nSaltos', 'ASCa, AAR, Cat. VIII, Capibreviazioni, Cabreo L. 4, cc. 23v-26v.', '', 'Pietro Spano', 'Alfonso V re d\'Aragona', 'Catalano', 'Cabreo L4', 'Monteleone\nCaputabbas:\nCalarigues, Nurague de Fenu, Piru d Abila e Mandra Antine'),
(255, 255, '\nAndrea Sanxot e F. de Heredia\nAndrea Sanxot e F. de Heredia\nAndrea Sanxot e F. de Heredia\nAndrea Sanxot e F. de Heredia\nAndrea Sanxot e F. de Heredia\nAndrea Sanxot e F. de Heredia', '(Castello)\nSaltu\nSaltu\nSaltu\nSaltu\nSaltu\nSaltu\nIncontrada', 'ASCa, AAR, Cat. VIII, Capibreviazioni, Cabreo L. 4, cc. 39v-44r.', '', 'Andrea Sanxot e Ferdinando de Heredia', 'Jaume de Besora', 'Catalano', 'Cabreo L4', 'Monteleone\nTamptasta\nsa Arena\nTascas\nsa Turalia\nsa Perdige\nsa Pala de su Calaritanu \nCaputabbas'),
(256, 256, '', '(Castello)', 'ASCa, AAR, Cat. VIII, Capibreviazioni, Cabreo L. 4, cc. 70v-74r. ', '', 'Daniel Jord ', 'Jaume de Besora', 'Catalano', 'Cabreo L4', 'Monteleone\nSpilello'),
(257, 257, '', '(Castello)', 'ASCa, AAR, Cat. VIII, Capibreviazioni, Cabreo L. 4, cc. 92v-95v.', '', 'Jaume Figuera', 'Jaume de Besora', 'Catalano', 'Cabreo L4', 'Monteleone'),
(258, 258, 'Nicoloso Doria', 'Villa e castello\nIncontrada', 'ASCa, AAR, Cat. VIII, Capibreviazioni, Cabreo L. 4, cc. 97v-105r', '', 'Seraf  de Montanyans, Pere de Ferrera, Giacomo Manca, Francesco Melone e Pietro Spano', 'Alfonso V re d\'Aragona', 'Catalano', 'Cabreo L4', 'Monteleone\nCaputabbas'),
(259, 259, 'Nicol  Doria\n\n\nNicol  Doria\nNicol  Doria', 'Castello\nIncontrada\n\nSaltu\nSaltu\n', 'ASCa, AAR, Cat. VIII, Capibreviazioni, Cabreo L. 4, cc. 105v-109v.', '', 'Seraf  de Montanyans', 'Alfonso V re d\'Aragona', 'Catalano', 'Cabreo L4', 'Monteleone\nCaputabbas\nSpiledo\nCazeris\nMonte de Pedro'),
(260, 260, '', '(Castello)', 'ASCa, AAR, Cat. VIII, Capibreviazioni, Cabreo L. 4, cc. 109v-114r.', '', 'Gonnario Gambella*', 'Jaume de Besora', 'Catalano', 'Cabreo L4', 'Monteleone\nSpiledo'),
(261, 261, '', '\nSaltu\n', 'ASCa, AAR, Cat. VIII, Capibreviazioni, Cabreo L. 4, cc. 176r-182r.', '', 'Giovanni Gambella', 'Alfonso V re d\'Aragona', 'Catalano', 'Cabreo L4', 'Monteleone\nPianarga, Pianu de Teules cun sa Rahighina'),
(262, 262, 'Giovanni de Mudasso (o Nuidasso/Niudasso)', '\nIncontrada', 'ASCa, AAR, Cat. VIII, Capibreviazioni, Cabreo L. 4, cc. 206r-207r.', '', 'Nicola Viguino', 'Jaume de Besora', 'Catalano', 'Cabreo L4', 'Monteleone\nCaputabbas'),
(263, 263, '\nPaolo Salari*', '\nVilla e saltu', 'ASCa, AAR, Cat. VIII, Capibreviazioni, Cabreo L. 4, cc. 240r-244r.', '', 'Paolo Salari', 'Jaume de Besora', 'Catalano', 'Cabreo L4', 'Monteleone\nMinerva'),
(264, 264, 'Petro (Muto, rettore)*', '(Chiesa)', 'Arch. Vat., Coll. 212, ff. 4-112.', '', 'Chiesa di Roma', 'Chiesa di Roma', 'Latino', 'RD', '(Minerba) [Minerva]'),
(265, 265, '(Pessavallo, priore)', '', 'Arch. Vat., Coll. 212, ff. 4-112.', '', 'Chiesa di Roma', 'Chiesa di Roma', 'Latino', 'RD', '(Mons Leonis) [Monteleone]'),
(266, 266, '', '', 'Arch. Vat., Coll. 212, ff. 4-112.', '', 'Chiesa di Roma', 'Chiesa di Roma', 'Latino', 'RD', '(Feirgoresio)/Ferruchesu [Ferrucesos]'),
(267, 267, '', 'Castello\nIncontrada\nSaltos', 'ASCa, AAR, Cat. VIII, Capibreviazioni, Cabreo L. 4, cc. 23v-26v.', '', 'Pietro Spano', 'Jaume de Besora', 'Catalano', 'Cabreo L4', 'Monteleone\nCaputabbas:\nCalarigues, Nurague de Fenu, Piru d Abila e Mandra Antine'),
(268, 268, 'Nicoloso Doria', 'Villa e castello\nIncontrada', 'ASCa, AAR, Cat. VIII, Capibreviazioni, Cabreo L. 4, cc. 97v-105r;\nA.S.C., A. A. R., vol. L. 4, f. 98v. [indicazione archivistica di G. Deriu].', '', 'Seraf  de Montanyans, Pere de Ferrera, Giacomo Manca, Francesco Melone e Pietro Spano', 'Alfonso V re d\'Aragona', 'Catalano', 'Cabreo L4\nCosta de Addes\nMonteleone Rocca Doria', 'Monteleone\nCaputabbas'),
(269, 269, 'Nicol  Doria\n\n\nNicol  Doria\nNicol  Doria', 'Castello\nIncontrada\n\nSaltu\nSaltu\n', 'ASCa, AAR, Cat. VIII, Capibreviazioni, Cabreo L. 4, cc. 105v-109v.', '', 'Seraf  de Montanyans', 'Jaume de Besora', 'Catalano', 'Cabreo L4', 'Monteleone\nCaputabbas\nSpiledo\nCazeris\nMonte de Pedro'),
(270, 270, '', '\nSaltu', 'ASCa, AAR, Cat. VIII, Capibreviazioni, Cabreo L. 4, cc. 176r-182r.', '', 'Giovanni Gambella', 'Jaume de Besora', 'Catalano', 'Cabreo L4', 'Monteleone\nPianarga, Pianu de Teules cun sa Rahighina\n'),
(271, 271, '', '\n\nCuratoria', 'ACA, Canciller a, reg. 341, f. 1r ([1317-23])', '', '', '', '', 'Castelsardo', '(Monteleone)\n(Nurcar)\n(Caputabbas)'),
(272, 272, 'Bernat Sellent alias Pujades \nBernat Sellent alias Pujades Bernat Sellent alias Pujades Bernat Sellent alias Pujades \n', 'Villa \nVilla \nVilla \nVilla', 'A.S.C., A.A.R., L2, cc. 186v-191v [altra numerazione: 8v-13v].', '', 'Bernat Sellent alias Pujades, abitante di Alghero', 'Jaume de Besora', 'Latino', 'Alghero', 'Manussades [Minutadas]\nMassada\nMontcorter [Muntcorter]\nS. Vittoria'),
(273, 273, '', 'Borgo\nBorgo\n\nBorgo\nBorgo\nBorgo\nBorgo\nBorgo\nVilla\nVilla\nVilla\nVilla\nVilla\nVilla\nVilla\nChiesa\nChiesa\nChiesa\nChiesa', '', '', '', '', '', 'Angius Casalis\nMonteleone Rocca Doria\nVillaggi abbandonati\nPozzomaggiore', 'Minerva\nMinutada [Minutadas]\nMonte Carti o Cartei [Muntcorter]\nMonteleone\nNurcara\nS. Vittoria\nVillanova Monteleone\nPilledu\nTerrioly\nS. Barbara\nS. Barbarano\nS. Nicola\nS. Pietro\nS. Quirico\nS. Giovanni*\nS. Benedetto*\nS. Elia*\nS Istasi*'),
(274, 274, '', 'Chiesa', 'Arch. Vat., Coll. 245, ff. 14-97v.', '', 'Chiesa di Roma', 'Chiesa di Roma', 'Latino', 'RD', 'Magorterre [Mogultera]'),
(275, 275, '', 'Castello', 'A.C.A., sez. Cancill ria, fondo Papeles para encorporar, Extra saccos (8. Armari de Sardenya), fasc. n. 133/3, gi  fasc. n. 455, f. 18v-21.', '', 'Doria', 'Pere de Montpalau', '', 'Doria e Aragona', 'Monteleone'),
(276, 276, NULL, NULL, NULL, NULL, NULL, NULL, NULL, NULL, NULL);

-- --------------------------------------------------------

--
-- Table structure for table `edizione`
--

CREATE TABLE `edizione` (
  `ID_anno_edizione` int(11) NOT NULL DEFAULT '0',
  `anno_edizione` varchar(255) DEFAULT NULL
) ENGINE=InnoDB DEFAULT CHARSET=latin1;

--
-- Dumping data for table `edizione`
--

INSERT INTO `edizione` (`ID_anno_edizione`, `anno_edizione`) VALUES
(1, '1970'),
(3, '1970\n1982'),
(20, '1945\n1973'),
(21, '1900'),
(22, '1900\n1973'),
(33, '2001'),
(38, '2001\n1974\n1973'),
(40, '1945'),
(41, '1945\n1974\n1980\n1973'),
(42, '1945\n1980'),
(45, '1945\n1974'),
(57, '1945\n1974\n1980'),
(80, '1992'),
(82, '1992\n1980'),
(84, '2006'),
(85, '1999'),
(93, '1976'),
(94, '1976\n2007\n1980'),
(95, '1995\n2007'),
(96, '1995'),
(97, '1973'),
(102, '1992\n1974\n1973\n1927'),
(103, '1992\n1974\n1980'),
(104, '1992\n1974'),
(116, '1971'),
(119, '1982'),
(120, '2003'),
(129, '2008'),
(133, '2008\n1992\n1974\n1980'),
(157, '2003\n1861-1868\n1980'),
(162, '2005'),
(167, '2003\n1927'),
(169, '1861-1868\n1927'),
(176, '1861-1868'),
(177, '1861-1868\n1980'),
(178, '1861-1868\n1974\n2008'),
(179, '1861-1868\n1992\n1980\n2011'),
(182, '1861-1868\n1992'),
(185, '1977'),
(193, '2000'),
(200, '1684'),
(201, '1856\n1974\n2011\n2000'),
(202, '1856\n1974\n2011\n2000\n1973'),
(203, '1927'),
(209, '1833-1856\n1980\n1973'),
(210, '1833-1856'),
(211, '1833-1856\n1973'),
(214, '1901-1903\n2007'),
(216, '1974'),
(218, '1993'),
(225, '1959'),
(228, '1562-1610, Ristampa 1976'),
(229, '1562-1610, Ristampa 1976\n2007'),
(231, '1562-1610, Ristampa 1976\n1992\n1971\n1980\n2007\n2007'),
(232, '1562-1610, Ristampa 1976\n1971'),
(233, '1562-1610, Ristampa 1976\n1992\n1980'),
(234, '1562-1610, Ristampa 1976\n1971\n1992\n1980'),
(235, '1562-1610, Ristampa 1976\n1982\n1992\n1980\n2011'),
(236, '2007'),
(237, '2007\n2007\n1980'),
(239, '2011'),
(241, '1980'),
(268, ' -\n2000\n1980'),
(273, '1833-1856\n1980\n1973\n1999'),
(276, 'NULL');

-- --------------------------------------------------------

--
-- Table structure for table `edizione_evento`
--

CREATE TABLE `edizione_evento` (
  `ID_edizione_evento` int(11) NOT NULL,
  `id_autore` int(11) NOT NULL,
  `ID_Scheda` int(11) NOT NULL,
  `ID_luogo_edizione` int(11) NOT NULL,
  `ID_anno_edizione` int(11) NOT NULL
) ENGINE=InnoDB DEFAULT CHARSET=latin1;

--
-- Dumping data for table `edizione_evento`
--

INSERT INTO `edizione_evento` (`ID_edizione_evento`, `id_autore`, `ID_Scheda`, `ID_luogo_edizione`, `ID_anno_edizione`) VALUES
(1, 1, 1, 1, 1),
(2, 1, 2, 1, 1),
(3, 3, 3, 1, 3),
(4, 1, 4, 1, 1),
(5, 1, 5, 1, 1),
(6, 1, 6, 1, 1),
(7, 1, 7, 1, 1),
(8, 1, 8, 1, 1),
(9, 1, 9, 1, 1),
(10, 1, 10, 1, 1),
(11, 1, 11, 1, 1),
(12, 1, 12, 1, 1),
(13, 1, 13, 1, 1),
(14, 1, 14, 1, 1),
(15, 1, 15, 1, 1),
(16, 1, 16, 1, 1),
(17, 1, 17, 1, 1),
(18, 1, 18, 1, 1),
(19, 1, 19, 1, 1),
(20, 20, 20, 20, 20),
(21, 21, 21, 21, 21),
(22, 22, 22, 22, 22),
(23, 22, 23, 22, 22),
(24, 21, 24, 21, 21),
(25, 21, 25, 21, 21),
(26, 22, 26, 22, 22),
(27, 22, 27, 22, 22),
(28, 22, 28, 22, 22),
(29, 22, 29, 22, 22),
(30, 21, 30, 21, 21),
(31, 21, 31, 21, 21),
(32, 21, 32, 21, 21),
(33, 33, 33, 33, 33),
(34, 33, 34, 33, 33),
(35, 33, 35, 33, 33),
(36, 33, 36, 33, 33),
(37, 33, 37, 33, 33),
(38, 38, 38, 38, 33),
(39, 38, 39, 38, 33),
(40, 40, 40, 40, 40),
(41, 41, 41, 41, 41),
(42, 42, 42, 42, 42),
(43, 40, 43, 40, 40),
(44, 40, 44, 40, 40),
(45, 45, 45, 45, 45),
(46, 42, 46, 42, 42),
(47, 40, 47, 40, 40),
(48, 20, 48, 20, 20),
(49, 40, 49, 40, 40),
(50, 45, 50, 45, 45),
(51, 40, 51, 40, 40),
(52, 40, 52, 40, 40),
(53, 42, 53, 42, 42),
(54, 20, 54, 20, 20),
(55, 42, 55, 42, 42),
(56, 40, 56, 40, 40),
(57, 57, 57, 57, 57),
(58, 42, 58, 42, 42),
(59, 40, 59, 40, 40),
(60, 40, 60, 40, 40),
(61, 41, 61, 41, 41),
(62, 40, 62, 40, 40),
(63, 40, 63, 40, 40),
(64, 20, 64, 20, 20),
(65, 42, 65, 42, 42),
(66, 42, 66, 42, 42),
(67, 40, 67, 40, 40),
(68, 41, 68, 57, 57),
(69, 40, 69, 40, 40),
(70, 45, 70, 45, 45),
(71, 40, 71, 40, 40),
(72, 45, 72, 45, 45),
(73, 40, 73, 40, 40),
(74, 40, 74, 40, 40),
(75, 40, 75, 40, 40),
(76, 40, 76, 40, 40),
(77, 42, 77, 42, 42),
(78, 45, 78, 45, 45),
(79, 40, 79, 40, 40),
(80, 80, 80, 21, 80),
(81, 80, 81, 21, 80),
(82, 82, 82, 21, 82),
(83, 1, 83, 1, 1),
(84, 84, 84, 84, 84),
(85, 85, 85, 85, 85),
(86, 85, 86, 85, 85),
(87, 85, 87, 85, 85),
(88, 85, 88, 85, 85),
(89, 89, 89, 89, 33),
(90, 89, 90, 89, 33),
(91, 89, 91, 89, 33),
(92, 89, 92, 89, 33),
(93, 93, 93, 1, 93),
(94, 94, 94, 94, 94),
(95, 95, 95, 95, 95),
(96, 96, 96, 21, 96),
(97, 97, 97, 97, 97),
(98, 97, 98, 97, 97),
(99, 97, 99, 97, 97),
(100, 21, 100, 21, 21),
(101, 21, 101, 21, 21),
(102, 102, 102, 102, 102),
(103, 103, 103, 103, 103),
(104, 104, 104, 95, 104),
(105, 80, 105, 21, 80),
(106, 104, 106, 95, 104),
(107, 80, 107, 21, 80),
(108, 103, 108, 103, 103),
(109, 82, 109, 21, 82),
(110, 82, 110, 21, 82),
(111, 80, 111, 21, 80),
(112, 103, 112, 103, 103),
(113, 40, 113, 40, 40),
(114, 96, 114, 21, 96),
(115, 96, 115, 21, 96),
(116, 93, 116, 1, 116),
(117, 93, 117, 1, 116),
(118, 93, 118, 1, 93),
(119, 93, 119, 1, 119),
(120, 120, 120, 89, 120),
(121, 120, 121, 89, 120),
(122, 120, 122, 89, 120),
(123, 120, 123, 89, 120),
(124, 120, 124, 89, 120),
(125, 120, 125, 89, 120),
(126, 120, 126, 89, 120),
(127, 120, 127, 89, 120),
(128, 120, 128, 89, 120),
(129, 129, 129, 129, 129),
(130, 129, 130, 129, 129),
(131, 129, 131, 129, 129),
(132, 129, 132, 129, 129),
(133, 133, 133, 133, 133),
(134, 129, 134, 129, 129),
(135, 129, 135, 129, 129),
(136, 129, 136, 129, 129),
(137, 129, 137, 129, 129),
(138, 138, 138, 138, 85),
(139, 138, 139, 138, 85),
(140, 138, 140, 138, 85),
(141, 138, 141, 138, 85),
(142, 138, 142, 138, 85),
(143, 138, 143, 138, 85),
(144, 138, 144, 138, 85),
(145, 138, 145, 138, 85),
(146, 138, 146, 138, 85),
(147, 138, 147, 138, 85),
(148, 138, 148, 138, 85),
(149, 138, 149, 138, 85),
(150, 138, 150, 138, 85),
(151, 138, 151, 138, 85),
(152, 138, 152, 138, 85),
(153, 138, 153, 138, 85),
(154, 138, 154, 138, 85),
(155, 155, 155, 138, 120),
(156, 155, 156, 138, 120),
(157, 157, 157, 157, 157),
(158, 80, 158, 21, 80),
(159, 82, 159, 21, 82),
(160, 103, 160, 103, 57),
(161, 155, 161, 138, 120),
(162, 162, 162, 138, 162),
(163, 162, 163, 138, 162),
(164, 162, 164, 138, 162),
(165, 162, 165, 138, 162),
(166, 166, 166, 138, 120),
(167, 167, 167, 167, 167),
(168, 80, 168, 21, 80),
(169, 169, 169, 169, 169),
(170, 169, 170, 169, 169),
(171, 169, 171, 169, 169),
(172, 169, 172, 169, 169),
(173, 169, 173, 169, 169),
(174, 169, 174, 169, 169),
(175, 169, 175, 169, 169),
(176, 176, 176, 176, 176),
(177, 177, 177, 177, 177),
(178, 178, 178, 178, 178),
(179, 179, 179, 179, 179),
(180, 176, 180, 176, 176),
(181, 177, 181, 177, 177),
(182, 182, 182, 177, 182),
(183, 182, 183, 177, 182),
(184, 155, 184, 138, 120),
(185, 1, 185, 1, 185),
(186, 1, 186, 1, 185),
(187, 1, 187, 1, 185),
(188, 1, 188, 1, 185),
(189, 1, 189, 1, 185),
(190, 1, 190, 1, 185),
(191, 1, 191, 1, 185),
(192, 1, 192, 1, 185),
(193, 193, 193, 21, 193),
(194, 96, 194, 21, 96),
(195, 96, 195, 21, 96),
(196, 96, 196, 21, 96),
(197, 96, 197, 21, 96),
(198, 96, 198, 21, 96),
(199, 96, 199, 21, 96),
(200, 200, 200, 138, 200),
(201, 201, 201, 201, 201),
(202, 202, 202, 202, 202),
(203, 203, 203, 203, 203),
(204, 203, 204, 203, 203),
(205, 203, 205, 203, 203),
(206, 96, 206, 21, 96),
(207, 207, 207, 1, 185),
(208, 207, 208, 1, 185),
(209, 209, 209, 209, 209),
(210, 210, 210, 176, 210),
(211, 211, 211, 211, 211),
(212, 210, 212, 176, 210),
(213, 210, 213, 176, 210),
(214, 214, 214, 214, 214),
(215, 214, 215, 214, 214),
(216, 216, 216, 216, 216),
(217, 217, 217, 217, 129),
(218, 218, 218, 218, 218),
(219, 216, 219, 216, 216),
(220, 216, 220, 216, 216),
(221, 216, 221, 216, 216),
(222, 209, 222, 209, 209),
(223, 1, 223, 1, 1),
(224, 210, 224, 176, 210),
(225, 228, 225, 138, 225),
(226, 203, 226, 203, 203),
(227, 203, 227, 203, 203),
(228, 228, 228, 228, 228),
(229, 229, 229, 229, 229),
(230, 228, 230, 228, 228),
(231, 231, 231, 231, 231),
(232, 232, 232, 232, 232),
(233, 233, 233, 233, 233),
(234, 234, 234, 234, 234),
(235, 235, 235, 235, 235),
(236, 162, 236, 216, 236),
(237, 237, 237, 237, 237),
(238, 162, 238, 216, 236),
(239, 239, 239, 129, 239),
(240, 239, 240, 129, 239),
(241, 241, 241, 21, 241),
(242, 241, 242, 21, 241),
(243, 241, 243, 21, 241),
(244, 241, 244, 21, 241),
(245, 241, 245, 21, 241),
(246, 241, 246, 21, 241),
(247, 241, 247, 21, 241),
(248, 241, 248, 21, 241),
(249, 241, 249, 21, 241),
(250, 241, 250, 21, 241),
(251, 241, 251, 21, 241),
(252, 241, 252, 21, 241),
(253, 40, 253, 40, 40),
(254, 263, 254, 276, 276),
(255, 263, 255, 276, 276),
(256, 263, 256, 276, 276),
(257, 263, 257, 276, 276),
(258, 263, 258, 276, 276),
(259, 263, 259, 276, 276),
(260, 263, 260, 276, 276),
(261, 263, 261, 276, 276),
(262, 263, 262, 276, 276),
(263, 263, 263, 276, 276),
(264, 40, 264, 40, 40),
(265, 40, 265, 40, 40),
(266, 40, 266, 40, 40),
(267, 263, 267, 276, 276),
(268, 257, 268, 21, 268),
(269, 263, 269, 276, 276),
(270, 263, 270, 276, 276),
(271, 162, 271, 216, 236),
(272, 217, 272, 217, 129),
(273, 260, 273, 273, 273),
(274, 40, 274, 40, 40),
(275, 96, 275, 21, 96),
(276, 263, 276, 276, 276);

-- --------------------------------------------------------

--
-- Table structure for table `luogoED`
--

CREATE TABLE `luogoED` (
  `ID_luogo_edizione` int(11) NOT NULL DEFAULT '0',
  `luogo_edizione` varchar(255) DEFAULT NULL
) ENGINE=InnoDB DEFAULT CHARSET=latin1;

--
-- Dumping data for table `luogoED`
--

INSERT INTO `luogoED` (`ID_luogo_edizione`, `luogo_edizione`) VALUES
(1, 'Padova'),
(3, 'Padova\nPadova'),
(20, 'Citt  del Vaticano\nParigi'),
(21, 'Sassari'),
(22, 'Sassari\nParigi'),
(33, 'Nuoro'),
(38, 'Nuoro\nRoma\nParigi'),
(40, 'Citt  del Vaticano'),
(41, 'Citt  del Vaticano\nRoma\nSassari\nParigi'),
(42, 'Citt  del Vaticano\nSassari'),
(45, 'Citt  del Vaticano\nRoma'),
(57, 'Citt  del Vaticano\nRoma\nSassari'),
(82, 'Sassari\nSassari'),
(84, 'Casale Monferrato'),
(85, 'Cagliari-Oristano'),
(89, 'Pisa'),
(94, 'Padova\nSassari\nSassari'),
(95, 'Sassari\nRoma'),
(97, 'Parigi'),
(102, 'Sassari\nRoma\nParigi\nMontecassino'),
(103, 'Sassari\nRoma\nSassari'),
(129, 'Cargeghe'),
(133, 'Cargeghe\nSassari\nRoma\nSassari'),
(138, 'Cagliari'),
(157, 'Cagliari\nTorino\nSassari'),
(167, 'Cagliari\nMontecassino'),
(169, 'Torino\nMontecassino'),
(176, 'Torino'),
(177, 'Torino\nSassari'),
(178, 'Torino\nRoma\nCargeghe'),
(179, 'Torino\nSassari\nSassari\nCargeghe'),
(200, 'Cagliari (manoscritto inedito)'),
(201, 'Barcellona\nRoma\nCargeghe\nSassari'),
(202, 'Barcellona\nRoma\nCargeghe\nSassari\nParigi'),
(203, 'Montecassino'),
(209, 'Torino\nSassari\nParigi'),
(211, 'Torino\nParigi'),
(214, 'Roma-Genova\nRoma'),
(216, 'Roma'),
(217, 'Alghero'),
(218, 'Quartu S. Elena'),
(228, 'Saragozza'),
(229, 'Saragozza\nSassari'),
(231, 'Saragozza\nSassari\nPadova\nSassari\nRoma\nSassari'),
(232, 'Saragozza\nPadova'),
(233, 'Saragozza\nSassari\nSassari'),
(234, 'Saragozza\nPadova\nSassari\nSassari'),
(235, 'Saragozza\nPadova\nSassari\nSassari\nCargeghe'),
(237, 'Roma\nSassari\nSassari'),
(254, ''),
(268, ' -\nSassari\nSassari'),
(273, 'Torino\nSassari\nParigi\nCagliari'),
(276, 'NULL');

-- --------------------------------------------------------

--
-- Table structure for table `luogoEM`
--

CREATE TABLE `luogoEM` (
  `ID_luogo_emissione` int(11) NOT NULL DEFAULT '0',
  `luogo_emissione` varchar(255) DEFAULT NULL
) ENGINE=InnoDB DEFAULT CHARSET=latin1;

--
-- Dumping data for table `luogoEM`
--

INSERT INTO `luogoEM` (`ID_luogo_emissione`, `luogo_emissione`) VALUES
(1, 'Monteleone'),
(2, 'Serravalle'),
(4, 'Alghero'),
(5, 'Poblet'),
(15, 'Sassari'),
(16, 'Oristano'),
(83, 'Barcellona'),
(85, 'Cagliari'),
(87, 'San Lorenzo'),
(93, 'Castell de C ller'),
(116, '[Valencia]'),
(118, 'Perpignano'),
(120, '[Cagliari]'),
(126, 'Castello di Serravalle (Bosa)'),
(129, 'Castello di Monteleone'),
(132, 'Monteleone*'),
(165, '[Sassari]'),
(167, 'S. Germano'),
(169, 'Veroli'),
(170, 'Ardara'),
(172, 'Montecassino'),
(173, 'Ninfa'),
(174, 'Perugia'),
(177, 'Saragozza'),
(178, 'Montblanc'),
(181, 'Cagliari*'),
(182, 'Messina'),
(183, 'Capua'),
(189, 'Bosa'),
(204, 'Roma, San Pietro'),
(215, 'Porto Leone'),
(217, 'Salerno'),
(227, 'Laterano'),
(236, 'Genova'),
(254, 'Teano'),
(256, 'Spilello*'),
(258, 'Gaeta'),
(260, 'Spiledo*'),
(268, '[Teano]'),
(275, 'Canedo [Cannedu]'),
(276, NULL);

-- --------------------------------------------------------

--
-- Table structure for table `rogatario`
--

CREATE TABLE `rogatario` (
  `id_rogatario` int(11) NOT NULL,
  `Rogatario` varchar(29) CHARACTER SET utf8 DEFAULT NULL,
  `QualificaRogatario` varchar(56) CHARACTER SET utf8 DEFAULT NULL
) ENGINE=InnoDB DEFAULT CHARSET=latin1;

--
-- Dumping data for table `rogatario`
--

INSERT INTO `rogatario` (`id_rogatario`, `Rogatario`, `QualificaRogatario`) VALUES
(1, 'Pere Sabater', 'Notaio e scrivano della Procurazione reale'),
(2, 'Bartomeu Dezllor', 'Notaio'),
(3, 'Bernat Sitger?', 'Notaio'),
(4, 'Mateu Adri ', 'Notaio'),
(5, 'Joan Sitjar (Iohannes Citiar)', 'Notaio'),
(6, 'Giovanni (Iohannes)', 'Cancelliere, cardinale e diacono di S. Maria in Cosmedin'),
(7, 'Ugo', 'Suddiacono della chiesa di Roma'),
(8, 'Melaci', ''),
(9, 'Ermanno', 'Suddiacono della chiesa di Roma e notaio'),
(10, 'Wullus [Willielmus?]', 'Notaio'),
(11, 'Jaume Conesa', 'Segretario'),
(12, 'Arsoco Salari del fu Nicol *', 'Notaio'),
(13, 'Antonius Saydi', 'Notaio'),
(14, 'Baptista Platam ', ''),
(15, 'Pere de Prats', 'Notaio e scrivano'),
(16, 'Ramon Morell', 'Notaio e reggente l\'ufficio di scrivano del governatore'),
(17, 'Berthomeu Sanxo', 'Notaio e scrivano'),
(18, 'Berthomeu Sanxo*', 'Notaio e scrivano'),
(19, 'Ramon Morell\nBernat Mas *', 'Notaio\nScrivano'),
(20, 'Moysi', 'Suddiacono'),
(21, 'Jacopo de Bennesia', 'Notaio');

-- --------------------------------------------------------

--
-- Table structure for table `schedaCAT`
--

CREATE TABLE `schedaCAT` (
  `ID_Scheda` int(11) NOT NULL,
  `CronologiaDelContenuto` varchar(32) DEFAULT NULL,
  `Edizione` varchar(291) DEFAULT NULL,
  `Ente` varchar(95) DEFAULT NULL,
  `Note` varchar(1874) DEFAULT NULL,
  `Oggetto` varchar(1394) DEFAULT NULL,
  `Titolo` varchar(75) DEFAULT NULL
) ENGINE=InnoDB DEFAULT CHARSET=utf8;

--
-- Dumping data for table `schedaCAT`
--

INSERT INTO `schedaCAT` (`ID_Scheda`, `CronologiaDelContenuto`, `Edizione`, `Ente`, `Note`, `Oggetto`, `Titolo`) VALUES
(1, '', 'Doc. 368, p.187', 'Brancaleone Doria', '', 'Lettera di Brancaleone Doria a Pietro IV, in cui  gli dice che ha mandato presso di lui il suo fedele medico mastro Giovanni, come procuratore, per informarlo delle proprie intenzioni, e lo prega di dargli piena fiducia .', 'CRD Pietro IV'),
(2, '', 'Doc. 443, p. 227', '(Mariano IV) giudice d\'Arborea', 'Vedi anche:  PCLA 2-3, doc. 61 per una lettera di Mariano IV a Gilabert de Centelles, data a Serravalle lo stesso giorno 3 novembre 1353.', 'Il giudice di Arborea riferisce a Pietro IV, tra le altre cose, di essere stato accusato ingiustamente circa la  questione di Alghero e Monteleone .', 'CRD Pietro IV'),
(3, '', 'Doc. 751, p. 377\nVol. III, p. 88', 'Brancaleone Doria', '', 'Brancaleone Doria si rivolge al consiglio di Pietro IV per una serie di questioni riguardanti la situazione sarda; in particolare riferisce che il giudice (Mariano IV) deve porre il suo campo tra Monteleone e Alghero per assediare i due castelli (cio  Monteleone e Alghero) oltre a quello di  Bonveh .', 'CRD Pietro IV\nGenova e Aragona'),
(4, '', 'Doc. 822, p. 415', 'Gilbert de Campllonch', '', 'Gilbert de Campllonch informa Pietro IV, tra le altre cose, che: un  sardo di Monteleone  ha raccontato che Eleonora d\'Arborea ha imprigionato il proprio maggiordomo Francesco Squinto; che la stessa Eleonora ha spedito ordini a Monteleone per impedire a chiunque non avesse un anello da lei dato di entrare in quel castello; Gilbert de Campllonch riferisce inoltre di aver spedito una persona a Monteleone per informarsi bene della cosa.', 'CRD Pietro IV'),
(5, '', 'Doc. 250, p. 117', 'Pietro IV re d\'Aragona', 'Vedi anche: CRD Pietro IV, doc. 279.', 'Pietro IV informa Mariano della sua intenzione di acquistare, tra gli altri beni dei Doria, Monteleone; Francesc Estaper e Francesc Foix sono i delegati all\'operazione*.', 'CRD Pietro IV'),
(6, '', 'Doc. 411, p. 209', 'Roger de Rosanes', '', 'Roger  de Rosanes riferisce a Bernat  de Cabrera che i Sassaresi sono disposti a concedergli 1.000 fiorini d\'oro per l\'acquisto di Monteleone.', 'CRD Pietro IV'),
(7, '', 'Doc. 823, p. 415', 'Joan de Santacoloma governatore del Logudoro', 'Vedi anche: CRD Pietro IV, doc. 822. ', 'Joan de Santa Coloma riferisce a Pietro IV quanto gi  riferitogli da Gilbert de Campllonch*.\nRispetto alla relazione dello stesso Gilbert de Campllonch al re, si specifica che Paolo Squinto, fratello di Francesco, era stato imprigionato da Eleonora e condotto a Monteleone.', 'CRD Pietro IV'),
(8, '', 'App. 2, doc. 6, p. 441', 'Ferran Pardo veguer della villa di Alghero', '', 'Ferran Pardo riferisce, tra le altre cose, che Nicola Doria, uomo facoltoso perch  ha avuto denaro ed argento dalla casa d\'Arborea, possiede Monteleone.', 'CRD Pietro IV'),
(9, '', 'Doc. 251, p. 117', 'Pietro IV re d\'Aragona', 'Vedi anche: CRD Pietro IV, doc. 279.', 'Pietro IV informa Giovanni della sua intenzione di acquistare, tra gli altri beni dei Doria, Monteleone; Francesc Estaper e Francesc Foix sono i delegati all\'operazione*.', 'CRD Pietro IV'),
(10, '', 'Doc. 252, p. 117', 'Pietro IV re d\'Aragona', 'Vedi anche: CRD Pietro IV, doc. 279.', 'Pietro IV informa il giudice d\'Arborea della sua intenzione di acquistare, tra gli altri beni dei Doria, Monteleone; Francesc Estaper e Francesc Foix sono i delegati all\'operazione*.', 'CRD Pietro IV'),
(11, '', 'Doc. 548, p. 281, nota 236', 'Pietro IV re d\'Aragona', '', 'Capitoli di Alghero: Pietro IV conferma Monteleone a Matteo Doria.', 'CRD Pietro IV'),
(12, '', 'Doc. 735, p. 371 ', 'Governatore del Logudoro, veguer, consiglieri e probiviri di Alghero', '', 'Governatore del Logudoro, vicario, consiglieri e probiviri di Alghero riferiscono, tra le altre cose, che il giudice deve mettere l\'assedio a Monteleone e costruire una bastida (fortezza) nel monte di S. Giuliano per poter assediare quel luogo. Il toponimo   probabilmente da riferire alla localit  S. Giuliano presso Alghero.', 'CRD Pietro IV'),
(13, '1350', 'Doc. 548, p. 281, nota 236', 'Pietro IV re d\'Aragona', '', 'Pietro IV conferma Monteleone a Matteo Doria.', 'CRD Pietro IV'),
(14, '', 'p. 282, nota 236', '', 'Vedi anche: PCLA 1, doc. 82.', 'Elenco di crimini di Mariano d\'Arborea, tra i quali quello di essersi impossessato di Monteleone.', 'CRD Pietro IV'),
(15, '', 'Doc. 548, p. 282', '', '', 'Riferisce, tra le altre cose, che  Matteo Doria stava trattando con gli uomini di Monteleone perch  gli devono togliere il possesso del castello, ha fatto prigionieri nove uomini sospettati e li ha puniti a morte .', 'CRD Pietro IV'),
(16, '', 'Doc. 448, p. 232', 'Mariano IV giudice d\'Arborea', 'Vedi anche: PCLA 2-3, vol. III, doc. 65.', 'Riferisce, tra le altre cose, che i sardi, senza farlo sapere al giudice, hanno invaso ed appiccato fuochi nel castello di Monteleone, dove il governatore aveva radunato molti fanti e cavalieri.', 'CRD Pietro IV'),
(17, '', 'Doc. 488, p. 253', '(Pietro IV) re d\'Aragona', '', 'Il re d  disposizioni circa l\'assedio di Alghero: ordina al comanador di Montalb  di tenere scorte nella strada tra Monteleone e Bosa; ordina inoltre che Pere de Bosch  disponga che l\'esercito di Bernat de Cabrera tenga scorte nella strada tra Monteleone e Bosa, dislocate ad un tiro di balestra  e che  nessun uomo possa andare verso il settentrione tra Bosa e Monteleone .', 'CRD Pietro IV'),
(18, '', 'Doc. 279, p. 133, 134, 139', '(Governatore del regno di Sardegna)', 'Vedi anche: CRD Pietro IV, docc. 250, 251, 252.', 'Trattative riguardanti l\'acquisto delle terre che i Doria hanno nell\'isola, tra le quali il castello di Monteleone e la curatoria di Nurcara; Francesc Estaper e Francesc Foix sono i delegati all\'operazione*. \nAlcuni tra Fabiano, Damiano, i figli di Vallar , Moroello, i figli ed eredi di Mariano, Galeazzo e gli eredi di Araone, possiedono una parte di Monteleone e di Nurcara.', 'CRD Pietro IV'),
(19, '', 'Doc. 291, p. 150', 'Guillem de Cervell ', '', 'Riferisce, tra le altre cose, che gli uomini di Nurcara e Capudabbas hanno raccolto la somma di 2000 fiorini, come parte di una colletta di 9000 indetta dai Doria, nei propri territori sardi, finalizzata ad assoldare a Milano 200 uomini a cavallo per quattro mesi.', 'CRD Pietro IV'),
(20, '', 'Doc. 270, p. 30\nP. 111, III -159', 'Chiesa di Roma', 'Nell\'intestazione Sella scrive 1341, ma il riferimento immediatamente precedente   dell\'anno 1342, ind. X. Cfr. P. Sella, \'Rationes decimarum Italiae\' nei secoli XIII e XIV. \'Sardinia\', Citt  del Vaticano 1945, doc. 266, p. 29.', 'Il 4 luglio 1342 (ind. X, primo anno di pontificato di papa Clemente VI)*, il collettore pontificio riscuote da Guglielmo Ratelli, rettore delle chiese di Teclata e di Campuy [Campui], 2 lire, 5 soldi e 4 denari.', 'RD\nVillaggi abbandonati'),
(21, '1191-1198 (Costantino II)*', 'Doc. 3, p. 2', 'Monastero di San Pietro di Silki', 'Non   possibile stabilire se l\'armentariu sia un funzionario laico o del monastero di San Pietro di Silki.\nPer la datazione cfr. S. De Santis, Qui regant et ordinet et lavorent ed edificent et plantet ad honorem dei. La Sardegna rurale al passaggio tra l et  giudicale e il regno di Sardegna (secc. XI-XIV), Tesi Dottorale XII Ciclo Storia Medioevale, Universit  di Cagliari 2002.', 'Lite relativa alla spartizione di quote di lavoro servile; tra i testimoni   citato Jorgi de Lenthas, armentariu* di Salamatter.', 'CSPS'),
(22, '1198-1210*', 'Doc. 400, p. 110 \nP. 111, III -159', 'Monastero di San Pietro di Silki', 'Per la datazione cfr. S. De Santis, Qui regant et ordinet et lavorent ed edificent et plantet ad honorem dei. La Sardegna rurale al passaggio tra l et  giudicale e il regno di Sardegna (secc. XI-XIV), Tesi Dottorale XII Ciclo Storia Medioevale, Universit  di Cagliari 2002.', 'Spartizione di servi; tra i testimoni sono citati alcuni abitanti di Canpui [Campui] e Teclata.', 'CSPS\nVillaggi abbandonati'),
(23, '1147-1153*', 'Doc. 190, p. 48\nP. 111, III -159', 'Monastero di San Pietro di Silki', 'Vedi anche: CSPS, 311.\nPer la datazione cfr. S. De Santis, Qui regant et ordinet et lavorent ed edificent et plantet ad honorem dei. La Sardegna rurale al passaggio tra l et  giudicale e il regno di Sardegna (secc. XI-XIV), Tesi Dottorale XII Ciclo Storia Medioevale, Universit  di Cagliari 2002.', 'Descrizione dei confini di un saltu* presso la domo di Teclata*.', 'CSPS\nVillaggi abbandonati'),
(24, '1147-1153*', 'Doc. 191, p. 49 ', 'Monastero di San Pietro di Silki', 'Per la datazione cfr. S. De Santis, Qui regant et ordinet et lavorent ed edificent et plantet ad honorem dei. La Sardegna rurale al passaggio tra l et  giudicale e il regno di Sardegna (secc. XI-XIV), Tesi Dottorale XII Ciclo Storia Medioevale, Universit  di Cagliari 2002.\nPer il toponimo Favules cfr. A. Terrosu Asole, L insediamento umano medioevale e i centri abbandonati tra il secolo XIV ed il secolo XVII, Supplemento al fascicolo II dell Atlante della Sardegna, Cagliari-Roma 1974, p. 42: S. Larentu (Padria).\nPer il toponimo Gurri cfr. G. Deriu, L insediamento umano medioevale nella curatoria di \'Costa de Addes\', Sassari 2000, 2, tav. 4: Burri (Giave).', 'Elenco delle propriet  fondiarie che il monastero riceve in seguito alla conversione di Justa de Serra; tra i saltos sono elencati sos de Nurcar.', 'CSPS'),
(25, '1154-1191 (Barisone II)*', 'Doc. 243, p. 62-63', 'Monastero di San Pietro di Silki', 'Per la datazione cfr. S. De Santis, Qui regant et ordinet et lavorent ed edificent et plantet ad honorem dei. La Sardegna rurale al passaggio tra l et  giudicale e il regno di Sardegna (secc. XI-XIV), Tesi Dottorale XII Ciclo Storia Medioevale, Universit  di Cagliari 2002.', 'Lite riguardante la propriet  di una serva;  tra i testimoni   citato Comita de Laccon, curatore di Nurcar.', 'CSPS'),
(26, '1147-1153*', 'Doc. 269, p. 67-68\nP. 111, III -159', 'Monastero di San Pietro di Silki', 'Per la datazione cfr. S. De Santis, Qui regant et ordinet et lavorent ed edificent et plantet ad honorem dei. La Sardegna rurale al passaggio tra l et  giudicale e il regno di Sardegna (secc. XI-XIV), Tesi Dottorale XII Ciclo Storia Medioevale, Universit  di Cagliari 2002.', 'Lite riguardante la propriet  di un servo, alle dipendenze del monastero presso la domo di Teclata.', 'CSPS\nVillaggi abbandonati'),
(27, '1191-1198 (Costantino II)*', 'Doc. 284, p. 71\nP. 111, III -159', 'Monastero di San Pietro di Silki', 'Per la datazione cfr. S. De Santis, Qui regant et ordinet et lavorent ed edificent et plantet ad honorem dei. La Sardegna rurale al passaggio tra l et  giudicale e il regno di Sardegna (secc. XI-XIV), Tesi Dottorale XII Ciclo Storia Medioevale, Universit  di Cagliari 2002.\nRelativamente alla famiglia Barithos vedi anche: CSPS 345.', 'Lite riguardante le quote di propriet  di una famiglia servile, alle dipendenze del monastero presso la domo di Teclata.', 'CSPS\nVillaggi abbandonati'),
(28, '1130-1147*', 'Doc. 311, p. 81\nP. 111, III -159', 'Monastero di San Pietro di Silki', 'Vedi anche: CSPS, 190.\nPer la datazione cfr. S. De Santis, Qui regant et ordinet et lavorent ed edificent et plantet ad honorem dei. La Sardegna rurale al passaggio tra l et  giudicale e il regno di Sardegna (secc. XI-XIV), Tesi Dottorale XII Ciclo Storia Medioevale, Universit  di Cagliari 2002.\nRiguardo a Gitil cfr. localizzazione nella curatoria di Marghine. Cfr. Il condaghe di San Nicola di Trullas, a cura di P. Merci, Nuoro 2001, docc. 6, 59, 61, 71, 94, 254 (balle de Gitilesu); 80, 97, 177, 243, [244] (Gitil).', 'Descrizione dei confini di un saltu presso la domo di Teclata*.', 'CSPS\nVillaggi abbandonati'),
(29, '1130-1147*', 'Doc. 345, p. 92\nP. 111, III -159', 'Monastero di San Pietro di Silki', 'Vedi anche: CSPS, 311, riguardante la delimitazione della domo di Teclata. \nPer la datazione cfr. S. De Santis, Qui regant et ordinet et lavorent ed edificent et plantet ad honorem dei. La Sardegna rurale al passaggio tra l et  giudicale e il regno di Sardegna (secc. XI-XIV), Tesi Dottorale XII Ciclo Storia Medioevale, Universit  di Cagliari 2002.\nRelativamente alla famiglia Barithos vedi anche: CSPS 284.', 'Donazione delle quote di propriet  di una famiglia servile, alle dipendenze del monastero presso la domo di Teclata*.', 'CSPS\nVillaggi abbandonati'),
(30, '1082-1127*', 'Doc. 109, p. 32-33', 'Monastero di San Pietro di Silki', 'Per la datazione cfr. S. De Santis, Qui regant et ordinet et lavorent ed edificent et plantet ad honorem dei. La Sardegna rurale al passaggio tra l et  giudicale e il regno di Sardegna (secc. XI-XIV), Tesi Dottorale XII Ciclo Storia Medioevale, Universit  di Cagliari 2002.', 'Lite per la propriet  di una serva; tra i testimoni sono citati Comita de Tutar e Gosantine de Tutar.', 'CSPS'),
(31, '1130-1147*', 'Doc. 203, p. 53; doc.  275, p. 69*', 'Monastero di San Pietro di Silki', 'Il contenuto della scheda n. 203 si ripete, senza varianti, nella scheda n. 275.\nPer la datazione cfr. S. De Santis, Qui regant et ordinet et lavorent ed edificent et plantet ad honorem dei. La Sardegna rurale al passaggio tra l et  giudicale e il regno di Sardegna (secc. XI-XIV), Tesi Dottorale XII Ciclo Storia Medioevale, Universit  di Cagliari 2002.', 'Lite per la propriet  di un saltu; tra i testimoni   citato Presnaki de Tutar.', 'CSPS'),
(32, '1130-1147*', 'Doc. 273, p. 69', 'Monastero di San Pietro di Silki', 'Per la datazione cfr. S. De Santis, Qui regant et ordinet et lavorent ed edificent et plantet ad honorem dei. La Sardegna rurale al passaggio tra l et  giudicale e il regno di Sardegna (secc. XI-XIV), Tesi Dottorale XII Ciclo Storia Medioevale, Universit  di Cagliari 2002.', 'Lite per la propriet  di alcuni servi; tra i testimoni   citato Comita de Tutar.', 'CSPS'),
(33, '1082-1127 (Costantino I)', 'Doc. 46, p. 66-68', 'Monastero di San Nicola di Trullas', 'Relativamente al toponimo Borconani, una possibile localizzazione   data dalla rubrica De Consedin ovvero presso Cossoine.\nTra i beni donati figura anche una parte in  balle de Ruginas ; vedi anche: CSPS, 191.', 'Lite riguardante la domo de Borconani* (precedentemente donata al monastero da donna Iusta de Capacennor); tra i testimoni   citato Mariane de  ori, curatore di Nurcar.', 'CSNT'),
(34, '1147-1153 (Gonnario-Barisone II)', 'Doc. 278, p. 176', 'Monastero di San Nicola di Trullas', 'Riguardo alla datazione cfr. A. Soddu, L aristocrazia fondiaria nella Sardegna dei secoli XI-XII. Cum voluntate et consilio de sos majorales et fideles meos, in L h ritage byzantin en Italie (VIIIe-XIIe si cle). 4. Habitat et structure agraire, II.L occupation du sol: aspects institutionnels; la grande propri t ,  cole fran aise de Rome, 17-18 d cembre 2010, in corso di stampa nella Collection de lcole fran aise de Rome.', 'Donazione di alcuni saltos de Nurcar.', 'CSNT'),
(35, '', 'Doc. 274, p. 174 ', 'Monastero di San Nicola di Trullas', '', 'Il monastero effettua uno scambi di servi con Petru de Tutar.', 'CSNT'),
(36, '[1150-1153]*', 'Doc. 272, pp. 172-174', 'Monastero di San Nicola di Trullas', 'Riguardo alla datazione cfr. A. Soddu, L aristocrazia fondiaria nella Sardegna dei secoli XI-XII. Cum voluntate et consilio de sos majorales et fideles meos, in L h ritage byzantin en Italie (VIIIe-XIIe si cle). 4. Habitat et structure agraire, II.L occupation du sol: aspects institutionnels; la grande propri t ,  cole fran aise de Rome, 17-18 d cembre 2010, in corso di stampa nella Collection de lcole fran aise de Rome.', 'Permuta di servi tra il priore di Trullas e donnu Pietro, priore di Ferrukesos [Ferrucesos]; lo scambio riguarda la dipendenza di Trullas a Favules.', 'CSNT'),
(37, '', 'Doc. 57, p. 74', 'Monastero di San Nicola di Trullas', '', 'Il monastero acquista una vigna, del valore di 4 soldi, da Petru de Tutar.', 'CSNT'),
(38, '', 'Doc. 151, p. 116\nP. 49\nP. 110, III -151', 'Monastero di San Nicola di Trullas', 'Per il toponimo Minerba cfr. G. Paulis, I nomi di luogo della Sardegna, Sassari 1987, p. 406: Monte Minerva e Palazzo Minerva (Villanova Monteleone - IGM 193 III NO); cfr. Terrosu Asole, p. 49: Minerva - Palazzo (Monteleone Roccadoria - IGM 193 III NO).', 'Il priore Pietro registra il rapimento e la successiva liberazione della serva Elene Manicas; nella rubrica si specifica De Minerba [Minerva].', 'CSNT\nAtlante Sardegna\nVillaggi abbandonati'),
(39, '', 'Doc. 152, p. 118\nP. 49\nP. 110, III -151', 'Monastero di San Nicola di Trullas', 'Per il toponimo Minerba cfr. G. Paulis, I nomi di luogo della Sardegna, Sassari 1987, p. 406: Monte Minerva  e Palazzo Minerva (Villanova Monteleone - IGM 193 III NO); cfr. Terrosu Asole, p. 49: Minerva - Palazzo (Monteleone Roccadoria - IGM 193 III NO).', 'Lite per la propriet  di una serva, Victoria Manicas, figlia di Gosantine Manicas  su de Minerba  [Minerva].', 'CSNT\nAtlante Sardegna\nVillaggi abbandonati'),
(40, '', 'Doc. 284, p. 31', 'Chiesa di Roma', 'Nell\'intestazione Sella scrive 1341, ma il riferimento immediatamente precedente   dell\'anno 1342, ind. X. Cfr. P. Sella, \'Rationes decimarum Italiae\' nei secoli XIII e XIV. \'Sardinia\', Citt  del Vaticano 1945, doc. 266, p. 29.', 'In data 11 luglio 1342 (ind. X, primo anno di pontificato di papa Clemente VI)* il collettore pontificio riscuote da Andrea Longui, per conto del rettore della chiesa di Exxortere [Mogultera?], 4 lire. Successivamente (8 agosto 1342) riscuote dal vescovo, sempre per conto del rettore della chiesa di Exxortere, altre 2 lire.', 'RD'),
(41, '', 'Doc. 296, p. 32\nP. 49\nP. 19\nP. 110, III -151', 'Chiesa di Roma', 'Nell\'intestazione Sella scrive 1341, ma il riferimento immediatamente precedente   dell\'anno 1342, ind. X.  Cfr. P. Sella, \'Rationes decimarum Italiae\' nei secoli XIII e XIV. \'Sardinia\', Citt  del Vaticano 1945, doc. 266, p. 29.\nPer il toponimo Minerba cfr. G. Paulis, I nomi di luogo della Sardegna, Sassari 1987, p. 406: Monte Minerva  e Palazzo Minerva (Villanova Monteleone - IGM 193 III NO); cfr. Terrosu Asole, p. 49: Minerva - Palazzo (Monteleone Roccadoria - IGM 193 III NO).', 'Il 27 agosto 1342 (ind. X, primo anno di pontificato di papa Clemente VI)* il collettore pontificio riscuote da Petro Muto, rettore della chiesa di Minerba [Minerva], 4 lire.', 'RD\nAtlante Sardegna\nMonteleone Rocca Doria\nVillaggi abbandonati'),
(42, '', 'Doc. 298, p. 33\nP. 12; p. 18', 'Chiesa di Roma', 'Nell\'intestazione Sella scrive 1341, ma il riferimento immediatamente precedente   dell\'anno 1342, ind. X. Cfr. P. Sella, \'Rationes decimarum Italiae\' nei secoli XIII e XIV. \'Sardinia\', Citt  del Vaticano 1945, doc. 266, p. 29.\nArru (p.12) ipotizza che  domino Pessavallo priore Montis Leonis  potesse essere  un Percivalle Doria? .', 'In data 8 agosto 1342 (ind. X, primo anno di pontificato di papa Clemente VI)* il collettore pontificio riscuote da Pessavallo, priore di Monteleone, 20 lire.', 'RD\nMonteleone Rocca Doria'),
(43, '', 'Doc. 302, p. 33', 'Chiesa di Roma', 'Nell\'intestazione Sella scrive 1341, ma, nonostante il riferimento all\'anno 1343 della scheda 299, la datazione sembra da riferire all\'anno 1342, ind. X. (cfr. P. Sella, \'Rationes decimarum Italiae\' nei secoli XIII e XIV. \'Sardinia\', Citt  del Vaticano 1945, doc. 266, p. 29).', 'In data 8 agosto 1342 (ind. X, primo anno di pontificato di papa Clemente VI)* il collettore pontificio riscuote dal rettore di Nune, 4 lire e 10 soldi.', 'RD'),
(44, '', 'Doc. 304, p. 33', 'Chiesa di Roma', 'Nell\'intestazione Sella scrive 1341, ma, nonostante il riferimento all\'anno 1343 della scheda 299, la datazione sembra da riferire all\'anno 1342, ind. X. (cfr. P. Sella, \'Rationes decimarum Italiae\' nei secoli XIII e XIV. \'Sardinia\', Citt  del Vaticano 1945, doc. 266, p. 29).', 'In data 8 agosto 1342 (ind. X, primo anno di pontificato di papa Clemente VI)* il collettore pontificio riscuote dal vescovo, per conto del rettore di Suttamonte, 3 lire.', 'RD'),
(45, '', 'Doc. 309, p. 34\nP. 49', 'Chiesa di Roma', 'Nell\'intestazione Sella scrive 1341, ma, nonostante il riferimento all\'anno 1343 della scheda 299, la datazione sembra da riferire all\'anno 1342, ind. X. (cfr. P. Sella, \'Rationes decimarum Italiae\' nei secoli XIII e XIV. \'Sardinia\', Citt  del Vaticano 1945, doc. 266, p. 29).\nPer il toponimo Avellanis cfr. Terrosu Asole, p. 49: Savillanu (Villanova Monteleone - IGM 193 III NO); cfr. G. Paulis, I nomi di luogo della Sardegna, Sassari 1987, p. 407: Sa Funtana Pabellanas (Villanova Monteleone - IGM 193 III NO).', 'In data 8 agosto 1342 (ind. X, primo anno di pontificato di papa Clemente VI)* il collettore pontificio riscuote dal vescovo, per conto del rettore di Avellanis [Avellanas], 10 lire e 10 soldi.', 'RD\nAtlante Sardegna'),
(46, '', 'Doc. 311, p. 34\nP. 19', 'Chiesa di Roma', 'Nell\'intestazione Sella scrive 1341, ma, nonostante il riferimento all\'anno 1343 della scheda 299, la datazione sembra da riferire all\'anno 1342, ind. X. (cfr. P. Sella, \'Rationes decimarum Italiae\' nei secoli XIII e XIV. \'Sardinia\', Citt  del Vaticano 1945, doc. 266, p. 29).\nArru (p. 19):  non riman traccia neppure toponomastica, per quel che ne sappiamo, di tali localit  (Niteriola e Salamate).   per  sicuro che ... non molto lontano da Monteleone stavano i villaggi di Banaria, Curos, T dera, Sanctu Miali .', 'In data 8 agosto 1342 (ind. X, primo anno di pontificato di papa Clemente VI)* il collettore pontificio riscuote dal vescovo, per conto del rettore di Salamata [Salamatter], 9 lire.', 'RD\nMonteleone Rocca Doria'),
(47, '', 'Doc. 316, p. 35', 'Chiesa di Roma', 'Nell\'intestazione Sella scrive 1341, ma il doc. specifica  anno XLII, indictione X .', 'Il 18 novembre 1342* ind. X, primo anno di pontificato di papa Clemente VI, il collettore pontificio riscuote dal priore di Feirgoresio [Ferrucesos] 6 lire.', 'RD'),
(48, '', 'Doc. 816, p. 89\nP. 111, III -159', 'Chiesa di Roma', 'Relativamente alla datazione cronica il doc. specifica  anno XLII, indictione X .', 'Il 23 ottobre 1342, ind. X, primo anno di pontificato di papa Clemente VI, il collettore pontificio riscuote dal vescovo, per Campuy e Teglada [Campui e Teclata], 8 lire e 10 soldi.', 'RD\nVillaggi abbandonati'),
(49, '', 'Doc. 817, p. 89', 'Chiesa di Roma', 'Relativamente alla datazione cronica il doc. specifica  anno XLII, indictione X .', 'Il 23 ottobre 1342, ind. X, primo anno di pontificato di papa Clemente VI, il collettore pontificio riscuote dal vescovo, per conto del rettore di Sutamonte [Suttamonte], 3 lire.', 'RD'),
(50, '', 'Doc. 818, p. 89\nP. 49', 'Chiesa di Roma', 'Relativamente alla datazione cronica il doc. specifica  anno XLII, indictione X .\nPer il toponimo Avellanis cfr. Terrosu Asole, p. 49: Savillanu (Villanova Monteleone - IGM 193 III NO); cfr. G. Paulis, I nomi di luogo della Sardegna, Sassari 1987, p. 407: Sa Funtana Pabellanas (Villanova Monteleone - IGM 193 III NO).', 'Il 23 ottobre 1342, ind. X, primo anno di pontificato di papa Clemente VI, il collettore pontificio riscuote dal vescovo, per conto del rettore di Avellanes [Avellanas], 10 lire e 10 soldi.', 'RD\nAtlante Sardegna'),
(51, '', 'Doc. 819, p. 89', 'Chiesa di Roma', 'Relativamente alla datazione cronica il doc. specifica  anno XLII, indictione X .', 'Il 23 ottobre 1342, ind. X, primo anno di pontificato di papa Clemente VI, il collettore pontificio riscuote dal vescovo, per conto del rettore di Nune, 4 lire e 10 soldi.', 'RD'),
(52, '', 'Doc. 820, p. 89', 'Chiesa di Roma', 'Relativamente alla datazione cronica il doc. specifica  anno XLII, indictione X .', 'Il 23 ottobre 1342, ind. X, primo anno di pontificato di papa Clemente VI, il collettore pontificio riscuote dal vescovo, per conto del rettore di Morgeterio [Mogultera?] 6 lire.', 'RD'),
(53, '', 'Doc. 823, pp. 89-90\nP. 19', 'Chiesa di Roma', 'Relativamente alla datazione cronica il doc. specifica  anno XLII, indictione X .\nArru (p. 19):  non riman traccia neppure toponomastica, per quel che ne sappiamo, di tali localit  (Niteriola e Salamate).   per  sicuro che ... non molto lontano da Monteleone stavano i villaggi di Banaria, Curos, T dera, Sanctu Miali .', 'Il 23 ottobre 1342, ind. X, primo anno di pontificato di papa Clemente VI, il collettore pontificio riscuote dal vescovo, per conto del rettore di Salamata [Salamatter], 6 lire.', 'RD\nMonteleone Rocca Doria'),
(54, '', 'Doc. 1279, p. 139 \nP. 111, III -159', 'Chiesa di Roma', 'Nell\'intestazione Sella scrive 1346-1350.', 'Il 6 febbraio 1346*, il collettore pontificio riscuote, per le chiese di Tecleta e Campuy [Teclata e Campui], 1 lire, 8 soldi e 4 denari.', 'RD\nVillaggi abbandonati'),
(55, '', 'Doc. 1281, p. 139 \nP. 19', 'Chiesa di Roma', 'Nell\'intestazione Sella scrive 1346-1350.\nVerificato sul ms.: Interiola; Sella trascrive  Niteriola .\nArru (p. 19):  non riman traccia neppure toponomastica, per quel che ne sappiamo, di tali localit  (Niteriola e Salamate).   per  sicuro che ... non molto lontano da Monteleone stavano i villaggi di Banaria, Curos, T dera, Sanctu Miali .', 'Il 6 febbraio 1346*, il collettore pontificio riscuote, per la chiesa di Interiola*, 3 lire.', 'RD\nMonteleone Rocca Doria'),
(56, '', 'Doc. 1283, p. 140', 'Chiesa di Roma', 'Nell\'intestazione Sella scrive 1346-1350.', 'Il 6 febbraio 1346*, il collettore pontificio riscuote, per la chiesa di Nune, 12 soldi.', 'RD'),
(57, '', 'Doc. 1287, p. 140 \nP. 49\nP. 19', 'Chiesa di Roma', 'Nell\'intestazione Sella scrive 1346-1350.\nPer il toponimo Menerba cfr. G. Paulis, I nomi di luogo della Sardegna, Sassari 1987, p. 406: Monte Minerva  e Palazzo Minerva (Villanova Monteleone - IGM 193 III NO); cfr. Terrosu Asole, p. 49: Minerva - Palazzo (Monteleone Roccadoria - IGM 193 III NO).', 'Il 6 febbraio 1346*, il collettore pontificio riscuote, per la chiesa di Menerba [Minerva], 3 lire e 10 soldi.', 'RD\nAtlante Sardegna\nMonteleone Rocca Doria'),
(58, '', 'Doc. 1289, p. 140 \nP. 18', 'Chiesa di Roma', 'Nell\'intestazione Sella scrive 1346-1350.', 'Il 6 febbraio 1346*, il collettore pontificio riscuote, per la chiesa di Monteleone, 6 lire.', 'RD\nMonteleone Rocca Doria'),
(59, '', 'Doc. 1290, p. 140', 'Chiesa di Roma', 'Nell\'intestazione Sella scrive 1346-1350.\nRispetto alla correzione della grafia Supramonte cfr. F. Amadu, La Diocesi medioevale di Bisarcio, Sassari 2003, edizione aggiornata a cura di Giuseppe Meloni, p. 22.', 'Il 6 febbraio 1346*, il collettore pontificio riscuote, per la chiesa di Suptamonte (nel testo Supramonte)* [Suttamonte], 15 soldi.', 'RD'),
(60, '', 'Doc. 1768, p. 171', 'Chiesa di Roma', 'Nell\'intestazione Sella scrive 1346-1350.', 'Il 18 dicembre 1346* (vedi doc. 1656) il collettore pontificio riscuote, per la chiesa della villa di Mogortse [Mogultera?], 1 lira e 10 soldi.', 'RD'),
(61, '', 'Doc. 1777, p. 171\nP. 49\nP. 19\nP. 110, III -151', 'Chiesa di Roma', 'Nell\'intestazione Sella scrive 1346-1350.\nPer il toponimo Minerba cfr. G. Paulis, I nomi di luogo della Sardegna, Sassari 1987, p. 406: Monte Minerva  e Palazzo Minerva (Villanova Monteleone - IGM 193 III NO); cfr. Terrosu Asole, p. 49: Minerva - Palazzo (Monteleone Roccadoria - IGM 193 III NO).', 'Il 18 dicembre 1346* (vedi doc. 1656), il collettore pontificio riscuote da Barisono, canonico e rettore di Minerba [Minerva],1 lira e 10 soldi.', 'RD\nAtlante Sardegna\nMonteleone Rocca Doria\nVillaggi abbandonati'),
(62, '', 'Doc. 1783, p. 172', 'Chiesa di Roma', 'Nell\'intestazione Sella scrive 1346-1350.', 'Il 18 dicembre 1346* (vedi doc. 1656), il collettore pontificio riscuote da prete Pietro, rettore della villa di Subtamonte [Suttamonte], 1 lira e 10 soldi.', 'RD'),
(63, '', 'Doc. 1786, p. 172', 'Chiesa di Roma', 'Nell\'intestazione Sella scrive 1346-1350.', 'Il 18 dicembre 1346* (vedi doc. 1656), il collettore pontificio riscuote da prete Pietro, rettore della villa di Nune, 1 lira e 4 soldi.', 'RD'),
(64, '', 'Doc. 1788, p. 172\nP. 111, III -159', 'Chiesa di Roma', 'Nell\'intestazione Sella scrive 1346-1350.', 'Il 18 dicembre 1346* (vedi doc. 1656), il collettore pontificio riscuote da prete Pietro, rettore di Campuy e Teglata [Campui e Teclata], 1 lira e 1 soldo.', 'RD\nVillaggi abbandonati'),
(65, '', 'Doc. 1925, p. 178\nPp. 18-19', 'Chiesa di Roma', 'Nell\'intestazione Sella scrive 1346-1350.\nVerificato sul ms.: Interiola e Salamater; Sella trascrive  Niteriola e Salamate .\nArru (p. 19):  non riman traccia neppure toponomastica, per quel che ne sappiamo, di tali localit  (Niteriola e Salamate).   per  sicuro che ... non molto lontano da Monteleone stavano i villaggi di Banaria, Curos, T dera, Sanctu Miali .', 'Il 2 luglio 1347* (cfr. p. 174), il collettore pontificio riscuote da Nicholai, priore di Monteleone, per le chiese di Interiola e Salamater* [Salamatter], 2 lire e 17 soldi.', 'RD\nMonteleone Rocca Doria'),
(66, '', 'Doc. 1926, p. 178\nP. 18', 'Chiesa di Roma', 'Nell\'intestazione Sella scrive 1346-1350.', 'Il 2 luglio 1347* (cfr. p. 174), il collettore pontificio riscuote, per il priorato di Monteleone, 7 lire e 12 soldi.', 'RD\nMonteleone Rocca Doria'),
(67, '', 'Doc. 1929, p. 178', 'Chiesa di Roma', 'Nell\'intestazione Sella scrive 1346-1350.', 'Il 14 luglio 1347* (cfr. p. 174), il collettore pontificio riscuote, per la chiesa di Nune, 1 lira e 4 soldi.', 'RD'),
(68, '', 'Doc. 1933, p. 178\nP. 49\nP. 19', 'Chiesa di Roma', 'Nell\'intestazione Sella scrive 1346-1350.\nPer il toponimo Menerba cfr. G. Paulis, I nomi di luogo della Sardegna, Sassari 1987, p. 406: Monte Minerva  e Palazzo Minerva (Villanova Monteleone - IGM 193 III NO); cfr. Terrosu Asole, p. 49: Minerva - Palazzo (Monteleone Roccadoria - IGM 193 III NO).', 'Il 14 luglio 1347* (cfr. p. 174), il collettore pontificio riscuote, per la chiesa di Menerba [Minerva], 1 lira.', 'RD\nAtlante Sardegna\nMonteleone Rocca Doria'),
(69, '', 'Doc. 1936, p. 178', 'Chiesa di Roma', 'Nell\'intestazione Sella scrive 1346-1350.', 'Il 14 luglio 1347* (cfr. p. 174), il collettore pontificio riscuote, per la chiesa di Subtamonte [Suttamonte], 1 lira e 1 soldo.', 'RD'),
(70, '', 'Doc. 1944, p. 179\nP. 49', 'Chiesa di Roma', 'Nell\'intestazione Sella scrive 1346-1350.\nVerificato sul ms.: 12 soldi; Sella trascrive  2 soldi .\nPer il toponimo Avellanis cfr. Terrosu Asole, p. 49: Savillanu (Villanova Monteleone - IGM 193 III NO); cfr. G. Paulis, I nomi di luogo della Sardegna, Sassari 1987, p. 407: Sa Funtana Pabellanas (Villanova Monteleone - IGM 193 III NO).', 'Il 19 luglio 1347* (cfr. p. 174), il collettore pontificio riscuote, per la chiesa di Avellanis [Avellanas], 5 lire e 12 soldi*. ', 'RD\nAtlante Sardegna'),
(71, '', 'Doc. 1945, p. 179', 'Chiesa di Roma', 'Nell\'intestazione Sella scrive 1346-1350.', 'Il 26 agosto 1348*, settimo anno di pontificato di papa Clemente VI, il collettore pontificio riscuote da Ramon  a-Plana (sottocollettore), per la chiesa di Campuy [Campui], 1 lira e 1 soldo.', 'RD'),
(72, '', 'Doc. 2673, p. 237\nP. 49', 'Chiesa di Roma', 'Nell\'intestazione Sella scrive 1357-1359.\nPer il toponimo Annerba cfr. G. Paulis, I nomi di luogo della Sardegna, Sassari 1987, p. 406: Monte Minerva  e Palazzo Minerva (Villanova Monteleone - IGM 193 III NO); cfr. Terrosu Asole, p. 49: Minerva - Palazzo (Monteleone Roccadoria - IGM 193 III NO).\nCfr. D. Scano, Codice diplomatico delle relazioni tra la Santa Sede e la Sardegna, Roma, Libreria dello Stato, voll. 2, doc. DLXXIX.', 'Il 28 febbraio 1358* (cfr. p. 235) il collettore pontificio riceve, per la chiesa di Annerba [Minerva], 3 lire.', 'RD\nAtlante Sardegna'),
(73, '', 'Doc. 2674, p. 238', 'Chiesa di Roma', 'Nell\'intestazione Sella scrive 1357-1359.\nIl toponimo Seclada in campo potrebbe derivare dall\'unione dei toponimi Teclata e Campui; vedi anche: RD, 270, 816, 1279, 1788 in cui sono citate entrambe le chiese.\nCfr. D. Scano, Codice diplomatico delle relazioni tra la Santa Sede e la Sardegna, Roma, Libreria dello Stato, voll. 2, doc. DLXXIX.', 'Il 28 febbraio 1358*(cfr. p. 235) il collettore pontificio riceve, per la chiesa di Seclada in campo, [Teclata e Campui?] 2 lire e 10 soldi.', 'RD'),
(74, '', 'Doc. 2676, p. 238', 'Chiesa di Roma', 'Nell\'intestazione Sella scrive 1357-1359.\nCfr. D. Scano, Codice diplomatico delle relazioni tra la Santa Sede e la Sardegna, Roma, Libreria dello Stato, voll. 2, doc. DLXXIX.', 'Il 28 febbraio 1358* (cfr. p. 235) il collettore pontificio riceve, per la chiesa di Mogorgor [Mogultera?], 2 lire e 10 soldi.', 'RD'),
(75, '', 'Doc. 2682, p. 238', 'Chiesa di Roma', 'Nell\'intestazione Sella scrive 1357-1359.\nCfr. D. Scano, Codice diplomatico delle relazioni tra la Santa Sede e la Sardegna, Roma, Libreria dello Stato, voll. 2, doc. DLXXIX.', 'Il 28 febbraio 1358* (cfr. p. 235) il collettore pontificio riceve, per la chiesa di Saternira salmata [Interiola e Salamatter], 2 lire e 10 soldi.', 'RD'),
(76, '', 'Doc. 2683, p. 238', 'Chiesa di Roma', 'Nell\'intestazione Sella scrive 1357-1359.\nCfr. D. Scano, Codice diplomatico delle relazioni tra la Santa Sede e la Sardegna, Roma, Libreria dello Stato, voll. 2, doc. DLXXIX.', 'Il 28 febbraio 1358* (cfr. p. 235) il collettore pontificio riceve, per la chiesa della villa di Subtus monte[Suttamonte], 1 lira e 13 soldi.', 'RD'),
(77, '', 'Doc. 2684, p. 238\nP. 18', 'Chiesa di Roma', 'Nell\'intestazione Sella scrive 1357-1359.\nCfr. D. Scano, Codice diplomatico delle relazioni tra la Santa Sede e la Sardegna, Roma, Libreria dello Stato, voll. 2, doc. DLXXIX.', 'Il 28 febbraio 1358* (cfr. p. 235) il collettore pontificio riceve, per la chiesa di Monteleone, 9 lire.', 'RD\nMonteleone Rocca Doria'),
(78, '', 'Doc. 2685, p. 238\nP. 49', 'Chiesa di Roma', 'Nell\'intestazione Sella scrive 1357-1359.\nPer il toponimo Minussades cfr. G. Paulis, I nomi di luogo della Sardegna, Sassari 1987, p. 406: Minoladas (Villanova Monteleone - IGM 193 III NO); cfr. Terrosu Asole, p. 49: Santu Miali - Monte (Villanova Monteleone - IGM 192 II SE).\nCfr. D. Scano, Codice diplomatico delle relazioni tra la Santa Sede e la Sardegna, Roma, Libreria dello Stato, voll. 2, doc. DLXXIX.', 'Il 28 febbraio 1358* (cfr. p. 235) il collettore pontificio riceve, per la chiesa di Minussades [Minutadas], 3 lire.', 'RD\nAtlante Sardegna'),
(79, '', 'Doc. 2693, p. 238', 'Chiesa di Roma', 'Nell\'intestazione Sella scrive 1357-1359.\nCfr. D. Scano, Codice diplomatico delle relazioni tra la Santa Sede e la Sardegna, Roma, Libreria dello Stato, voll. 2, doc. DLXXIX.', 'Il 6 ottobre 1357* (vedi p. 235) il collettore pontificio riceve, per la chiesa di Sotamonte [Suttamonte], 1 lira e 17 soldi.', 'RD'),
(80, '1127-1153 ca.', 'Vol. 2, p. 302,26', '', 'Il passo corrisponde a quello del Libellus iudicum turritanorum, con la significativa variante del nome della regione assegnata a Pietro.', 'Riferisce, tra le altre cose, che il giudice Gonnario divide il regno tra i suoi due figli e assegna al primogenito Barisone il giudicato di Torres, al secondogenito Pietro la regione di Nurcara.', 'Opera 2'),
(81, '1298 ca.', 'Vol. 2, p. 316,33', '', 'Il dato   collocato da Fara alla fine della trattazione e riguarda in realt  parzialmente i Malaspina (per le curatorias di Figulinas e Coros).', 'Ricostruendo le vicende della Gallura, riferisce, tra le altre cose, che i Doria, dopo la morte di Nino Visconti (Scotus nella grafia di Fara), riducono sotto il loro dominio, tra le altre, anche la regione di Nurcara. Fara trae la notizia dagli Anales di Zurita.', 'Opera 2'),
(82, '1272', 'Vol. 2, pp. 308,31-310,1\nP. 20', '', '', 'Riferisce, tra le altre cose, quali erano i territori occupati dai Doria, dopo la fine del giudicato di Torres: tra questi anche il castello di Monteleone e la curatoria di Nurcara.\nFara trae la notizia dagli Anales di Zurita.', 'Opera 2\nMonteleone Rocca Doria'),
(83, '', 'Doc. 792, p. 400', 'Brancaleone Doria', '', 'Brancaleone Doria, conte di Monteleone, si rivolge a B. de Vallsera, segretario della regina, affinch  ordini ai governatori di Cagliari e Alghero di non ostacolare ma anzi proteggere i movimenti di un\'imbarcazione da lui ingaggiata per caricare grano da Oristano.', 'CRD Pietro IV'),
(84, '', 'Doc. 19, p. 338', 'Monastero d Ognissanti di Pisa, suor Giovanna de Ghaitani (procuratrice della chiesa di Bosove)', ' Saltu de Monte Donnicalia: Ave su Nassariu de Teclata, in co falat s iscla in fine assu Guttur dessa Chersa de Sutta Corona de Columbos, Saltu de Tintar, chi est appus Garizolla et saltos chi furun appu sa domo de Sune, Saltu de Domestica et Monticlu de Ligios .', 'Descrizione dei confini del saltu di Monte Donnicalia*; tre l\'elenco dei confini   citato  su Nassariu de Teclata .', 'CBT2'),
(85, '', 'Doc. D21, p. 286', 'Gabriel Nin, luogotenente del procuratore reale del regno di Sardegna, Joan Fabra', 'Atto di vendita stipulato in Cagliari il 29 novembre 1554 da Giovanni de Ruecas e Saturnino Ursena, per parte di Isabella de Villamar , principessa di Salerno e signora di Bosa, a favore di Giovanni Michele di Simon.\nVedi anche: CSPS, 378; Cabreo L1, V.12; Bosa, D22.\nPer il toponimo Campu de Bous cfr. G. Paulis, I nomi di luogo della Sardegna, Sassari 1987, p. 405: Campu oes (Villanova Monteleone - IGM 193 IV SO).', 'Ratifica dell\'atto di vendita* della sesta parte della citt  di Bosa e della Planargia, ovvero dell\'incontrada di Monteleone e del saltu detto Campo de Bous con tutti i diritti e le pertinenze.', 'Bosa'),
(86, '', 'Doc. D22, p. 288', 'Gabriel Nin, luogotenente del procuratore reale del regno di Sardegna, Joan Fabra', 'L\'ordine   dato in virt  della vendita, fatta da Isabella de Villamar , principessa di Salerno e signora di Bosa, a Michele Simon, con atto datato 28 novembre 1554, confermato dal sovrano a Valladolid il 16 novembre 1555 e ratificato dalla Procurazione reale del regno di Sardegna in data 5 aprile 1558.\nVedi anche: Bosa, D21; CSPS, 378; Cabreo L1, V.12.\nPer il toponimo Campo de Bous cfr. G. Paulis, I nomi di luogo della Sardegna, Sassari 1987, p. 405: Campu oes (Villanova Monteleone - IGM 193 IV SO).', 'Gabriel Nin ordina* a Domenico de Aurolo, porter della Procurazione reale di Sassari, di consentire a Michele Simon il possesso dei territori dell\'incontrada di Monteleone e del saltu detto Campo de Bous.', 'Bosa'),
(87, '', 'Doc. D34, p. 305', 'Filippo I re di Spagna', 'Per il toponimo Iangone cfr. G. Paulis, I nomi di luogo della Sardegna, Sassari 1987, p. 184: Monte Tangone (Montresta - IGM 192 II SE); p. 406: Funtana Tangoneddu, Porto Tangone, Tangone (Villanova Monteleone IGM 192 II SE).\nPer il toponimo Minutades cfr. G. Paulis, I nomi di luogo, cit., p. 406: Minoladas (Villanova Monteleone - IGM 193 III NO).\nVedi anche: Angius Casalis, vol. II, p. 305; Camos, p. 10.', 'Filippo I invita il vicer  del regno di Sardegna a prendere una decisione in merito all\'acquisto, da parte della citt  di Bosa, del saltu di Minutades che comprende  algunos puertos y se aladamente el puerto llamado de Iangone que en tiempo antigo se servisan d el los que posseyeron a Monteleon .', 'Bosa'),
(88, '', 'Doc. C23 [A30], p. 243', 'Filippo I re di Spagna', '', 'Filippo I informa il vicer  del regno di Sardegna che, a seguito delle lamentele presentate da Giuliano Ursena, sindaco di Bosa, i territori della Planargia sono stati riuniti sotto il governo della citt  cos  come al tempo della principessa di Salerno; tra l\'altro   citata la  officialia de Montresta .', 'Bosa'),
(89, '', 'Vol. I, doc. 15, p. 77', 'Pietro IV re d\'Aragona; Mariano IV giudice d\'Arborea', 'Rispetto a  la dita compra  vedi anche: PCLA 2-3, doc. 41 in cui si specifica che il capitano regio aveva ottenuto a titolo di acquisto da Matteo Doria  castrum cum burgo seu villa Montisleonis .', 'Trattati di pace tra Pietro IV e Mariano IV. Tra le altre cose, si stabilisce la riappacificazione tra il re e Matteo Doria al quale viene riconfermato il possesso dei propri beni sardi, con l\'obbligo della prestazione del servizio di cavalli armati relativamente ai castelli di Monteleone, Castelgenovese e altri. Matteo Doria inoltre avrebbe, nel caso, dovuto restituire i 1000 fiorini ricevuti  per la dita compra *.', 'PCLA 1'),
(90, '', 'Vol. I, doc. 18, p. 102', 'Arnau Aranyola, procuratore di Pietro IV re d\'Aragona', 'Si specifica:  hora tertiarum .\nIl riferimento   ai trattati di pace stipulati ad Alghero il 13 novembre 1354 tra Pietro IV e Mariano IV; vedi anche: PCLA 1, doc. 15.\nRispetto a la dita compra vedi anche: PCLA 2-3, doc. 41 in cui si specifica che il capitano regio aveva ottenuto a titolo di acquisto da Matteo Doria castrum cum burgo seu villa Montisleonis.', 'Riferimento ai trattati di pace tra Pietro IV e Mariano IV*. Tra le altre cose, si stabilisce la riappacificazione tra il re e Matteo Doria al quale viene riconfermato il possesso dei propri beni sardi, con l\'obbligo della prestazione del servizio di cavalli armati relativamente ai castelli di Monteleone, Castelgenovese e altri. Matteo Doria inoltre avrebbe, nel caso, dovuto restituire i 1000 fiorini ricevuti  per la dita compra *.', 'PCLA 1'),
(91, '1353', 'Vol. I, docc. 81-82, p. 233', 'Pietro IV re d\'Aragona', 'Vedi anche: CRD Pietro IV, p. 282, nota 236.', 'Pietro IV ordina al notaio Bertran de Pinos di raccogliere la deposizione di Azzo de Buquis relativamente alle presunte colpe di Mariano IV d\'Arborea. In un elenco allegato dei crimini imputati al giudice figura (XIV capitolo) che  ab les gents sues se trah  Muntile  e cuydaren auciure lo governador .', 'PCLA 1'),
(92, '[1355]*', 'Vol. I, doc. 83, p. 240', '', 'Vedi anche: CRD Pietro IV, p. 282, nota 236.\n', 'Interrogatorio e deposizione del testimone Azzo de Buquis sui presunti crimini commessi da Mariano IV d\'Arborea. Relativamente al XIV capitolo, Azzo riferisce di un dialogo avuto col giudice relativamente alla ribellione di Monteleone e alla dedizione delle genti del castello al giudice.', 'PCLA 1'),
(93, '', 'Vol. II, p. 37, nota 53', 'Pietro IV re d\'Aragona', 'Per il toponimo Menutades cfr. G. Paulis, I nomi di luogo della Sardegna, Sassari 1987, p. 406: Minoladas (Villanova Monteleone - IGM 193 III NO).', 'Lettera del re indirizzata al governatore del Logudoro, Bernat de Cru lles, dove lo si prega di intervenire per assicurare alla giustizia i colpevoli delle violenze compiute in localit  Menutades.', 'Genova e Aragona'),
(94, '1360', 'Vol. II, p. 206\nPp. 88-89\nPp. 23-24', '', 'Per il toponimo Minerva cfr. G. Paulis, I nomi di luogo della Sardegna, Sassari 1987, p. 406: Monte Minerva  e Palazzo Minerva (Villanova Monteleone - IGM 193 III NO).\nPer il toponimo Menussades cfr. G. Paulis, I nomi di luogo, cit., p. 406: Minoladas (Villanova Monteleone - IGM 193 III NO).', 'Elenco dei beni che la Corona d\'Aragona avrebbe dovuto riconoscere al alcuni membri (tra i quali figurano Araone, figlio di Araone, e Antonio, Tebaldo ed Enrichetto, eredi di Cassano) della famiglia Doria in Sardegna.', 'Genova e Aragona\nCoghinas\nMonteleone Rocca Doria'),
(95, '1350 ca.', 'Pp. 579-581\nPp. 259-260', '', 'Cfr. C. Livi, Sulla popolazione dell Anglona e degli altri domini dei Doria verso la met  del Trecento, in  Sacer. Bollettino della Associazione Storica Sassarese , X (2003), pp. 63-74.\nPer il toponimo Minerba cfr. G. Paulis, I nomi di luogo della Sardegna, Sassari 1987, p. 406: Monte Minerva  e Palazzo Minerva (Villanova Monteleone - IGM 193 III NO).\nPer il toponimo Manusades cfr. G. Paulis, I nomi di luogo, cit., p. 406: Minoladas (Villanova Monteleone - IGM 193 III NO).\nPer il toponimo Valanas cfr. G. Paulis, I nomi di luogo, cit., p. 407: Sa Funtana Pabellanas (Villanova Monteleone - IGM 193 III NO).', 'Inventario di una serie di villaggi o centri abitati facenti parte del patrimonio di sei membri della casata Doria; elenco delle villas di Brancaleone (Branca Leyon) Doria, di Galeazzo, di Manfredi e di Moruello Doria.', 'Possedimenti dei Doria\nCastelsardo'),
(96, '', 'App. 1, p. 184, f. 4v(2 )', 'Guillem de Cervell  governatore e riformatore generale del regno di Sardegna', 'Documento inserto in Castellaccio, App. 1.\nLa collocazione archivistica non   quella attuale ma quella riferita da Castellaccio.\nLa numerazione delle carte, recto e verso,   quella riportata nell\'edizione di Castellaccio.', 'Lettera di Guillem de Cervell  ai fratelli Brancaleone e Matteo Doria.', 'Doria e Aragona'),
(97, '', 'P. 110, III -152', '', 'Cfr. V. Angius, in G. Casalis, Dizionario geografico storico-statistico-commerciale degli stati di S.M. il Re di Sardegna, voll. 31, Torino 1833-1856, voce Sassari: vol. XIX, pp. 321-322.\nPer il toponimo Minutades cfr. G. Paulis, I nomi di luogo della Sardegna, Sassari 1987, p. 406: Minoladas (Villanova Monteleone - IGM 193 III NO).', ' Centro scomparso (XIV-XVIII secolo); curatoria di Monteleone. Trovavansi il monastero benedettino di S. Michele de Ferruciso o Furrighesos [cenni, a 1131-1454] e la chiesa di S. Marta in Ferruciso (RD; Saba; Angius XIX 322). Ricordato nel componimento del 1358 (CS). Abbandonato tra il 1370 ed il 1436 (ASC B-6 f. 218; La Marmora, Itin raire, II 65). Situato nella valle di Minutades presso la chiesa di S. Michele, a 3 km e mezzo a nord-ovest di Montresta (Ibid.). Vedere la casa cantoniera di Santu Miali ed i vicini ruderi .', 'Villaggi abbandonati'),
(98, '1750', 'P. 111, III -158', '', '', ' Centro scomparso (XIV-XVIII secolo); curatoria di Monteleone. Fondato nel 1750 da coloni greci provenienti dalla Corsica, i quali presto morirono di malaria o soccombettero alla violenta ostilit  dei loro vicini (La Marmora,  Itin raire, II 66 sgg., cfr. A. Pino Branca, La vita economica..., pp. 93 sgg.; R. di Tucci, Propriet  fondiaria..., p.44; F. Loddo Canepa, \"Relazione... Des Hayes...,\" p. 284). L\'attuale villaggio di Montresta   ricordato per la prima volta nel censimento del 1821 (Corridore) .', 'Villaggi abbandonati'),
(99, '1436 ca.', 'P. 111, III -160', '', '', ' Centro abitato senza interruzione (XIV-XVIII secolo); curatoria di Monteleone. Fondato, secondo la leggenda, dai profughi di Monteleone verso il 1436, ma probabilmente preesistente (vedere A. Boscolo, I parlamenti..., p. 56 n.1) .', 'Villaggi abbandonati'),
(100, '1130-1147?*', 'Doc. 378, p. 103', 'Monastero di San Pietro di Silki', 'Vedi anche: Day, p. 110-111, III -153; sotto la voce Monteleone  vestigia di antichi villaggi in localit  Banaria .\nVedi anche: CSPS, 398; Cabreo L1, V.12; Bosa, D21, D22.\nPer la datazione cfr. S. De Santis, Qui regant et ordinet et lavorent ed edificent et plantet ad honorem dei. La Sardegna rurale al passaggio tra l et  giudicale e il regno di Sardegna (secc. XI-XIV), Tesi Dottorale XII Ciclo Storia Medioevale, Universit  di Cagliari 2002.\nPer il toponimo Campu de Bous cfr. G. Paulis, I nomi di luogo della Sardegna, Sassari 1987, p. 405: Campu oes (Villanova Monteleone - IGM 193 IV SO).', 'Donazione del saltu di Campu de Boes (sono descritti i confini) e di met  del saltu di Baniaria.', 'CSPS'),
(101, '1130-1147?*', 'Doc. 398, p. 110', 'Monastero di San Pietro di Silki', 'Vedi anche: Day, p. 110-111, III -153; sotto la voce Monteleone  vestigia di antichi villaggi in localit  Banaria .\nVedi anche: CSPS, 378.\nPer la datazione cfr. S. De Santis, Qui regant et ordinet et lavorent ed edificent et plantet ad honorem dei. La Sardegna rurale al passaggio tra l et  giudicale e il regno di Sardegna (secc. XI-XIV), Tesi Dottorale XII Ciclo Storia Medioevale, Universit  di Cagliari 2002.', 'Descrizione dei confini del saltu di Baniaria*.', 'CSPS'),
(102, '1383; 1435; 1582', 'Vol. 1, p. 188,7-26\nP. 49\nP. 110, III -151\nP. 57', '', 'Vedi anche: Fara, vol. 3, 164,26-31.\nPer il toponimo Massada cfr. G. Paulis, I nomi di luogo della Sardegna, Sassari 1987, p. 405: Casa Maseda (Villanova Monteleone - IGM 193 III NO) e p. 406: Maseda (Villanova Monteleone - IGM 193 III NO).\nPer il toponimo Minutades cfr. G. Paulis, I nomi di luogo, cit., p. 406: Minoladas (Villanova Monteleone - IGM 193 III NO); cfr. Terrosu Asole, p. 49: cfr. Terrosu Asole, p. 49: Santu Miali - Monte (Villanova Monteleone - IGM 192 II SE).\nPer il toponimo Minerva cfr. G. Paulis, I nomi di luogo, cit., p. 406: Monte Minerva  e Palazzo Minerva (Villanova Monteleone - IGM 193 III NO); cfr. Terrosu Asole, p. 49: Minerva - Palazzo (Monteleone Roccadoria - IGM 193 III NO).\nRelativamente al toponimi Monte Curtei cfr. Terrosu Asole, p. 49: Cuccu - Monte (Villanova Monteleone - IGM 192 II NE). \nRelativamente al toponimo Minerva, Day (p. 110) specifica  gi  nel 1435 era deserto (ASC L-4 f. 240). Situato vicino al \"palazzo\" Minerva [Monte Minerva], ad 8 km a sud-est di Villanova Monteleone. Per la toponomastica dei paraggi vedere ASC L-4 f. 240. . Saba (p.  57):  sopra le montagne di Serravalle c ancora un sito chiamato furrighesos .\nPer il toponimo S. Victoria cfr. G. Paulis, I nomi di luogo, cit., p. 406:  Monte Santa Vittoria (Villanova Monteleone - IGM 193 III NO).', 'Descrivendo la diocesi di Bosa, tratta della regione di Monteleone, nella quale si trovano l\'omonimo castello, i villaggi di Villanova, Romana, Pozzomaggiore, Mara e Padria; cita come distrutti i centri di Bonuighinu, Paulis, Minutades, dove tuttavia sopravvive la chiesa di S. Michele di Furriguessos ricordata in  antiquis codicibus , Massada, Monte Curtei, Santa Vittoria, Musidanu e Minerva e, ipotizza, anche quello di Macopsisa.\nRiferisce, tra le altre cose, che nel 1383 la regione di Monteleone   insignita del titolo di contea (comitatus) da Pietro IV, nel 1435 il castello viene espugnato e ridotto in macerie e, nel 1582, il centro abitato di Villanova   saccheggiato dai pirati. \nFara riporta anche il dato del geografo Tolomeo, secondo il quale nella regione si erano insediati i  Sulcitani populi .', 'Opera 1\nAtlante Sardegna\nVillaggi abbandonati\nMontecassino');
INSERT INTO `schedaCAT` (`ID_Scheda`, `CronologiaDelContenuto`, `Edizione`, `Ente`, `Note`, `Oggetto`, `Titolo`) VALUES
(103, '', 'Vol. 1, p. 140,28-34\nP. 49\nPp. 76-77', '', 'Per il toponimo Campu de Bous cfr. G. Paulis, I nomi di luogo della Sardegna, Sassari 1987, p. 405: Campu oes (Villanova Monteleone - IGM 193 IV SO).\nRelativamente al toponimo Monte Cuccu cfr. Terrosu Asole, p. 49: Cuccu - Monte (Villanova Monteleone) IGM 192 II NE; cfr. G. Paulis, I nomi di luogo, cit., p. 406: Monte Cucco (Villanova Monteleone - IGM 192 II NE).\nPer il toponimo Minerva cfr. G. Paulis, I nomi di luogo, cit., p. 406: Monte Minerva  e Palazzo Minerva (Villanova Monteleone - IGM 193 III NO); cfr. Terrosu Asole, p. 49: Minerva - Palazzo (Monteleone Roccadoria - IGM 193 III NO).\nArru (p. 76) sostiene che il Fara confonda il fiume Temo con il riu Alchennero e che  dia il nome di flumen Campi-Bovini al vero Temo .', 'Riferisce, tra le altre cose, che il fiume Temo scorre nelle vicinanze del monte Minerva e che il fiume di Campu Oinu nasce da Monte Cuccu, in territorio di Villanova, e scorre alle falde di Monteleone.', 'Opera 1\nAtlante Sardegna\nMonteleone Rocca Doria'),
(104, '', 'Vol. 1, p. 180,1\nP. 49', '', 'Vedi anche: Repartimientos, XI, p. 849 e p. 851; Fara, vol. 3, p.90,19, per il riferimento alla chiesa di S. Maria di Minutades.\nPer il toponimo Minutades cfr. G. Paulis, I nomi di luogo della Sardegna, Sassari 1987, p. 406: Minoladas (Villanova Monteleone - IGM 193 III NO); cfr. Terrosu Asole, p. 49: Santu Miali - Monte (Villanova Monteleone - IGM 192 II SE).', 'Riferisce, tra le altre cose, che nella diocesi di Alghero si trovavano alcuni villaggi, ora distrutti, tra i quali quello di Minutades, con il monastero di Santa Maria, priorato benedettino, giuspatronato dei Doria.', 'Opera 1\nAtlante Sardegna'),
(105, '', 'Vol. 1, p. 124,5', '', 'Cfr. P. Tola, Codex diplomaticus Sardiniae, I-II, in  Historiae Patriae Monumenta , tomi X-XII, Torino 1861-1868, tomo I, p. 133/1.', 'Riferisce, tra le altre cose, la presenza di  acque mediche  nella regione di Monteleone, presso la grotta consacrata a San Lussorio:  aquam autem medicam esse in Olienae agro regionis Ogugliastri et in antro divo Luxorio sacro, regionis Montis Leonis, eius die feste stillantem multi tradidere .', 'Opera 1'),
(106, '', 'Vol. 1, p. 142,5\nP. 49', '', 'Per il toponimo Monte Fulcadu cfr. G. Paulis, I nomi di luogo della Sardegna, Sassari 1987, p. 405: Cantoniera monte Fulcadu (Villanova Monteleone - IGM 192 II NE) e p. 406: Ponte monte Fulcadu (Villanova Monteleone - IGM 192 II NE).\nRelativamente al toponimo Monte Cuccu cfr. Terrosu Asole, p. 49: Cuccu - Monte (Villanova Monteleone - IGM 192 II NE); cfr. G. Paulis, I nomi di luogo, cit., p. 406: Monte Cucco (Villanova Monteleone - IGM 192 II NE).', 'Riferisce, tra le altre cose, che il fiume Monte Fulcadu nasce ai piedi di Monte Cuccu nell\'agro di Villanova Monteleone.', 'Opera 1\nAtlante Sardegna'),
(107, '', 'Vol. 1, p. 156,36', '', 'Vedi anche: Fara, vol. 1, p.188,7-26.', 'Riferisce, tra le altre cose, che Monteleone era una contea che, come altre (Galtell , Arborea e Monreale) non ha il relativo conte. ', 'Opera 1'),
(108, '1358', 'Vol. 3, p. 90,19\nP. 49\nP. 23', '', 'Vedi anche: Repartimientos, XI, p. 849 e p. 851; Fara, vol. 1, p.180,1, per il riferimento alla chiesa di S. Maria di Minutades.\nPer il toponimo Minutades cfr. G. Paulis, I nomi di luogo della Sardegna, Sassari 1987, p. 406: Minoladas (Villanova Monteleone - IGM 193 III NO); cfr. Terrosu Asole, p. 49: Santu Miali - Monte (Villanova Monteleone - IGM 192 II SE).\nPer il toponimo Minerva cfr. G. Paulis, I nomi di luogo, cit., p. 406: Monte Minerva  e Palazzo Minerva (Villanova Monteleone - IGM 193 III NO); cfr. Terrosu Asole, p. 49: Minerva - Palazzo (Monteleone Roccadoria - IGM 193 III NO).', 'Riferisce, tra le altre cose, che i villaggi (oppida) di Minutades (Sanctae Mariae, [S.tae] Minutades) [Minutadas] e Minerva appartengono, insieme ad altri, al re Pietro IV.', 'Opera 3\nAtlante Sardegna\nMonteleone Rocca Doria'),
(109, '1537', 'Vol. 3, p. 288,5\nPp. 30; 43; 45', '', 'Vedi anche: Bosa, D21 e D22; Fara, vol. 3, pp. 168-170; Cabreo L4, cc. 97v-105r.\nNon   chiaro se si tratti delle tre municipalit  o dei titolari dei beni avuti in concessione dopo la caduta del castello di Monteleone; Arru (p. 45) specifica che Sassari e Alghero vendettero la propria parte a Bernardo Simon nel 1537, mentre i bosani vendettero la propria parte solo nel 1554 a Giovanni Michele Simon, figlio di Bernardo.', 'Riferisce, tra le altre cose, che Sassaresi, Algheresi e Bosani*, su richiesta del vicer  di Sardegna, vendono il castello e la regione del Monteleone al reggente Bernardo Simoni,  qui a caesare licentiam castrum et alia oppida reficiendi obtinuit  (ottiene dall\'imperatore la licenza di restaurare la rocca ed altri villaggi).', 'Opera 3\nMonteleone Rocca Doria'),
(110, '1434', 'Vol. 3, p. 164,26-31; 166,5-6\nP. 28', '', 'Vedi anche: Fara, vol. 1, p.188,7-26.\nRelativamente al toponimo monte Spilleddu Arru (p. 28) specifica  il quartier generale fu posto su un\'altura a mezzogiorno, proprio di fronte alle fortificazioni del castello, in una localit  allora chiamata monte Spilleddu, e poi, da quell episodio obsidionale Su bastione  (cfr. anche p. 74); vedi anche: Cabreo L4, cc. 70v-74r; cc. 109v-114r.\nPer il toponimo Su bastione cfr. G. Paulis, I nomi di luogo della Sardegna, Sassari 1987, p. 182: Monte Su Bestione (Monteleone Rocca Doria - IGM 193 III NO).', 'Riferisce del tentativo nel 1434 del vicer  Jaume Besora di espugnare il castello di Monteleone, di Nicoloso Doria (figlio di Brancaleone), conte di Monteleone e signore di Castelgenovese, il quale si   alleato con i Genovesi. Il vicer , che ha assoldato truppe sassaresi, algheresi e bosane, trova notevoli difficolt  nell\'impresa per l\'asperit  del luogo ( quia in vertice excelsi et undique praerupti montis situm erat ), prolungandosi l\'assedio all\'anno seguente. Jaume Besora ha stabilito l\'accampamento ( castra metatus ) presso Monte Spiledu ( Mons Spirellus )*.', 'Opera 3\nMonteleone Rocca Doria'),
(111, 'Anni \'40 del XIV sec.', 'Vol. 3, p. 60,1', '', '', 'Riferisce, tra le altre cose, che dopo la morte di Bernab  Doria, il fratello Brancaleone prende le armi contro gli altri Doria, insieme al figlio Cassano e a Fabiano, Damiano, Balarano e Moruello, i quali hanno occupato la met  della regione di Monteleone e altri luoghi, con l\'appoggio di Guillem de Cervell .\nFara trae le notizie dagli Anales di Zurita.', 'Opera 3'),
(112, '1436', 'Vol. 3, pp. 168-170\nP. 49\nPp. 28-29; 43; 45', '', 'Relativamente a Bernat Sellent alias Pugiades vedi di anche: Oppia, doc. 85.\nRelativamente al toponimo Monte Curtei cfr. Terrosu Asole, p. 49: Cuccu - Monte (Villanova Monteleone - IGM 192 II NE).\nPer il toponimo Massada cfr. G. Paulis, I nomi di luogo della Sardegna, Sassari 1987, p. 405: Casa Maseda (Villanova Monteleone - IGM 193 III NO) e p. 406: Maseda (Villanova Monteleone - IGM 193 III NO).\nPer il toponimo Minutades cfr. G. Paulis, I nomi di luogo, cit., p. 406: Minoladas (Villanova Monteleone - IGM 193 III NO); cfr. Terrosu Asole, p. 49: Santu Miali - Monte (Villanova Monteleone - IGM 192 II SE).\nPer il toponimo Minerva cfr. G. Paulis, I nomi di luogo, cit., p. 406: Monte Minerva  e Palazzo Minerva (Villanova Monteleone - IGM 193 III NO); cfr. Terrosu Asole, p. 49: Minerva - Palazzo (Monteleone Roccadoria) IGM 193 III NO.\nPer il toponimo S. Victoria cfr. G. Paulis, I nomi di luogo, cit., p. 406:  Monte Santa Vittoria (Villanova Monteleone - IGM 193 III NO).\nVedi anche: Fara, vol 3, p. 288,5; Arru, pp. 30, 43, 45; Cabreo L4, cc. 97v-105r. \nRiguardo al villaggio di Minerva cfr. anche Cabreo L4, cc. 240r-244r in cui   registrata l\'infeudazione della villa a favore di Paolo Salari di Bosa.', 'Riferisce che in seguito ad una tregua Nicoloso Doria consegna al re il castello di Monteleone, che viene raso al suolo cos  come quello di Bonuighinu ( fuerunt arces ... desolatae ). Sassari, Bosa e Alghero ottengono dal re Alfonso V, a basso prezzo, il castello di Monteleone  cum agro . In particolare, tra gli algheresi, Bernat Sellent alias Pujades ( Selleta  nella grafia di Fara)*, ottiene diversi villaggi, tra i quali anche Minutades, Massada, Monte Curtei (nel testo  oppidum Montis Caredi ) e Santa Vittoria della regione di Cabuabbas (cos  nel testo). Tra i bosani, Nicol  Solari ottiene il villaggio di Minerva. Riferisce inoltre che Roger de Besora si era distinto nell\'assedio di Monteleone.', 'Opera 3\nAtlante Sardegna\nMonteleone Rocca Doria'),
(113, '', 'Doc. 271, p. 30', 'Chiesa di Roma', 'Nell\'intestazione Sella scrive 1341, ma il riferimento immediatamente precedente   dell\'anno 1342. Cfr. P. Sella, \'Rationes decimarum Italiae\' nei secoli XIII e XIV. \'Sardinia\', Citt  del Vaticano 1945, doc. 266, p. 29.\nVedi anche: RD, 270, p. 30.', 'L\'8 agosto 1342 (ind. X, primo anno di pontificato di papa Clemente VI)* il collettore pontificio riscuote dal vescovo di Bosa, per parte di Guglielmo Ratelli, rettore delle chiese di Teclata e di Campuy*, 6 lire, 14 soldi e 8 denari.', 'RD'),
(114, '', 'App. 1, p. 184, f. 6.', 'Guillem de Cervell  governatore e riformatore generale del regno di Sardegna', 'Documento inserto in Castellaccio, App. 1.\nLa collocazione archivistica non   quella attuale ma quella riferita da Castellaccio.\nLa numerazione delle carte, recto e verso,   quella riportata nell\'edizione di Castellaccio.', 'Lettera di Guillem de Cervell  a Manfredi Doria, figlio del fu Brancaleone.', 'Doria e Aragona'),
(115, '', 'App. 1, p. 184, f. 7v.', 'Guillem de Cervell  governatore e riformatore generale del regno di Sardegna', 'Documento inserto in Castellaccio, App. 1.\nLa collocazione archivistica non   quella attuale ma quella riferita da Castellaccio.\nLa numerazione delle carte, recto e verso,   quella riportata nell\'edizione di Castellaccio.', 'Lettera di Guillem de Cervell  ai fratelli Brancaleone, Matteo e Manfredi Doria.', 'Doria e Aragona'),
(116, '1349', 'Vol. I, p. 49, nota 92', 'Pietro IV re d\'Aragona; Mariano IV giudice d\'Arborea e Giovanni d\'Arborea', 'Cfr. A. Soddu, I Malaspina e la Sardegna. Documenti e testi dei secoli XII-XIV, Cagliari 2005, doc. 452, pp. 320-321.', 'Pietro IV scrisse al giudice di Arborea, impartendo una serie di disposizioni sulle trattative da farsi con i Doria e i Malaspina che assediavano Sassari: tra le altre cose, si puntava a far leva su Brancaleone, attraverso un eventuale matrimonio della figlia e con la promessa della conferma in feudo del castello di Monteleone.', 'Genova e Aragona'),
(117, '', 'Vol. I, p. 154, nota 20', 'Pietro IV re d\'Aragona', 'Vedi anche: Zurita, VIII, 52, p. 232; Fara, vol. 3, p. 68,9; Arru, p. 20.', 'Pietro IV riconferma a Matteo e Manfredi Doria la cessione, tra le altre cose, del feudo di Monteleone con la curatoria di Nurcara.', 'Genova e Aragona'),
(118, '1356', 'Vol. II, pp. 127-128, nota 77', 'Pietro IV re d\'Aragona', 'Per il toponimo Minussades cfr. G. Paulis, I nomi di luogo della Sardegna, Sassari 1987, p. 406: Minoladas (Villanova Monteleone - IGM 193 III NO).', 'Pietro IV informa il proprio ambasciatore presso la Corte di Avignone, Bernat de Tous, delle sue decisioni rispetto alle proposte degli inviati genovesi; tra le altre, il rifiuto della restituzione ad Araone Doria e a suo fratello della villa di Minussades.', 'Genova e Aragona'),
(119, '', 'Vol. III, pp. 7-8, nota 16', 'Pietro IV re d\'Aragona; Brancaleone Doria', '', 'Trattative per il matrimonio tra Brancaleone e una donzella catalana; nel documento   ricordata l\'infeudazione a Brancaleone, tra le altre cose, della villa di Monteleone.', 'Genova e Aragona'),
(120, '', 'Vol. II, doc. 21, p. 117', '', 'Cfr. G. Meloni, L insediamento umano nella Sardegna settentrionale. Possedimenti dei Doria alla met  del XIV secolo, in La Corona d Aragona in Italia (sec. XIII-XVIII). Atti del XIV Congresso di Storia della Corona d Aragona. Sassari-Alghero 19-24 maggio 1990, I-V, Sassari-Cagliari 1993-1997, vol. II, tomo II, Sassari 1995, pp. 573-593.', 'Deposizione del testimone Francesc Roig (Franciscus Rubei) sulla donazione, tre o quattro anni prima, da parte del governatore Riambau de Corbera, della curatoria di Monteleone al giudice di Arborea Mariano IV.', 'PCLA 2-3'),
(121, '[1353], settembre 8', 'Vol. III, doc. 32, p. 209', '', '', 'Il notaio catalano Bartomeu Dezllor racconta della visita al giudice di Arborea Mariano IV presso il castello di Goceano dal quale la delegazione, formata dallo stesso Dezlor, da Francesc de Vilarasa e altri e dalla giudicessa di Arborea (la catalana Timbor de Rocabert ), part  l\'8 settembre alla volta di Alghero, facendo tappa a Rebeccu e il giorno dopo a Monteleone. \n Et confestim die ipsa equitavimus apud locum de Rebechu cum dicta domina iudicissa. Et in crastinum hospitavimus, simul et semel in castro de Montileone. Et subsequente die, que fuit dies luni, itineravimus primii prefatus Franciscus de Villarasa et ego notarius apud Algerium .', 'PCLA 2-3'),
(122, '[1353], settembre', 'Vol. III, doc. 41, pp. 225-227', '', 'Vedi anche: PCLA 1, doc. 15.', 'Viene consegnato al governatore del regno di Sardegna  castrum cum burgo seu villa Montisleonis , che il capitano regio aveva ottenuto a titolo di acquisto da Matteo Doria. Gli uomini della villa e del castello fanno omaggio e giuramento al predetto governatore, che entra nel borgo avendogli lasciato il passo Matteo Doria (sorta di cerimonia di consegna delle chiavi del borgo):  et dictus Matheus de Auria inde exivit gubernatore ipso inibi potenter intrante .', 'PCLA 2-3'),
(123, '[1353], ottobre', 'Vol. III, doc. 58, pp. 256-258', '', '', 'Resoconto dell\'insurrezione degli uomini di Monteleone e di Alghero:  proditores nequam et scelastissimi rebelles in dominum molesti in proximum ingrati beneficiis pleni furoribus et deum non mutuentes, imo ab omni humanitate semoti una cum gente armigera iudicis Arboree predicti rebellionis calcaneum adversus regiam maiestatem, erigentes universos officiales ipsius Sacre Regie maiestatis ac quoscumque Cathalanos et Aragonenses, quos inibi reperiri potuerant. Non sine magna perfidia vel crudeliter lango trucidarunt aut prodicinaliter ceperant et intrusos ignominiose tenebant .', 'PCLA 2-3'),
(124, '', 'Vol. III, doc. 59, p. 259-261', 'Gilabert de Centelles', '', 'Tra le altre cose, Gilabert de Centelles chiede conto a Mariano IV dell\'accusa a lui rivolta di essere ritenuto  culpable e principal fautor  della ribellione di Monteleone e Alghero.', 'PCLA 2-3'),
(125, '', 'Vol. III, doc. 60, p. 261', 'Gilabert de Centelles', '', 'Tra le altre cose, si fa riferimento alla ribellione di Monteleone e Alghero.', 'PCLA 2-3'),
(126, '[1353], novembre', 'Vol. III, doc. 61, pp. 262-265', 'Mariano IV giudice d\'Arborea', 'Vedi anche: PCLA 2-3, docc. 58, 59 e 60.\nVedi anche: CRD Pietro IV, doc. 443 per una lettera di Mariano IV a Pietro IV, data a Serravalle lo stesso giorno 3 novembre 1353.', 'Tra le altre cose, si fa riferimento alla ribellione di Monteleone e Alghero.*', 'PCLA 2-3'),
(127, '', 'Vol. III, doc. 62, p. 266-267', 'Timbor de Rocabert , giudicessa d\'Arborea', '', 'Tra le altre cose, si fa riferimento alla ribellione di Monteleone e Alghero, rispetto alla quale la giudicessa nega il coinvolgimento del giudice Mariano IV.', 'PCLA 2-3'),
(128, '', 'Vol. III, doc. 65, p. 269-274', 'Mariano IV giudice d\'Arborea', 'Vedi anche: CRD Pietro IV, doc. 448.', 'Tra le altre cose, si fa riferimento al fatto che il governatore ha radunato nel castello di Monteleone una grande comitiva di cavalieri e fanti.', 'PCLA 2-3'),
(129, '', 'Doc. VI.1, p. 38', 'Jaume de Besora', '', 'Conferma della concessione in enfiteusi di una casa nella citt  di Alghero.', 'Cabreo L1'),
(130, '', 'Doc. VI.2, p. 38', '', 'Vedi anche: Cabreo L1, VI.1.', 'Ricevuta del doc.1 (conferma della concessione in enfiteusi di una casa nella citt  di Alghero).', 'Cabreo L1'),
(131, '', 'Doc. VI.15, pp. 40-41', 'Ramon de Riusech, alias Francesc Gilabert de Centelles', '', 'Vendita della baronia di Osilo; nella descrizione dei confini   citato anche il distretto di Monteleone e Cabudabas.', 'Cabreo L1'),
(132, '', 'Doc. VI.23, pp. 43, 86-89', 'Nicol  Doria', 'Si specifica in  aula Aristotils ; cfr. D. Arru, Monteleone Rocca Doria, Sassari 1980, p. 38.\nCitato in: Poesie italiane del secolo XII, appartenenti a Lanfranco de Bolasco, illustrate per Ignazio Pillito, Cagliari 1859, p. 50; P. Martini, Pergamene, codici e fogli cartacei di Arborea, Cagliari 1863, p. 144, 167; A. La Marmora, Itinerario dell isola di Sardegna, a cura di Maria Grazia Longhi, Nuoro 1997, vol. III, p. 240.\nSaltu in territorio di Menussades; vedi anche: Cabreo L1, VI.22.\nPer il toponimo Alinos cfr. G. Paulis, I nomi di luogo della Sardegna, Sassari 1987, p. 405: Alinesi (Villanova Monteleone - IGM 192 II SE); p. 407 Riu Alinos (Villanova Monteleone - IGM 192 II SE).', 'Nicoloso Doria concede a Nicola de Zori due case situate nel borgo di Monteleone e una parte del saltu di Alinos.', 'Cabreo L1'),
(133, '', 'Doc. VI.22, pp. 42-43\nVol. 3, p. 96,13\nP. 49\nP. 24', 'Dalmau de Jard , governatore e riformatore del Capo di Logudoro', 'Vedi anche: Pozzomaggiore, p. 128.\nPer il toponimo Alinos cfr. G. Paulis, I nomi di luogo della Sardegna, Sassari 1987, p. 405: Alinesi (Villanova Monteleone - IGM 192 II SE); p. 407 Riu Alinos (Villanova Monteleone - IGM 192 II SE).\nPer il toponimo Menussades cfr. G. Paulis, I nomi di luogo, cit., p. 406: Minoladas (Villanova Monteleone - IGM 193 III NO); cfr. Terrosu Asole, p. 49: Santu Miali - Monte (Villanova Monteleone - IGM 192 II SE).\nPer il toponimo S. Donato cfr. G. Paulis, I nomi di luogo, cit., p. 406: Funtana santu Donadu (Villanova Monteleone - IGM 192 II NE) e p. 407:  Santu Donadu (Villanova Monteleone - IGM 192 II NE).', 'Saturnino Pinna,  sardum, habitatorem ville de Menussades, nunch in villa Alguerii constitutum , riceve in feudo il saltu posto nei confini della villa di Menussades denominato  Valle Alinos de Santo Donato  e quello, sito nei confini della villa di Muntquarter, di  Cavalls de Seyo terminatur Sante Anastasie .', 'Cabreo L1\nOpera 3\nAtlante Sardegna\nMonteleone Rocca Doria'),
(134, '', 'Doc. IV.4, p. 35', 'Pietro IV re d\'Aragona', 'Lo stesso documento   in ACA, Canciller a, Reg. 1035, cc. 25v-26.\nPer il toponimo Menussades cfr. G. Paulis, I nomi di luogo della Sardegna, Sassari 1987, p. 406: Minoladas (Villanova Monteleone - IGM 193 III NO).', 'Pietro IV ordina che vettovaglie, merci, grano e formaggio provenienti dai villaggi di Romangia, Nurra, Flumenargia, baronia di Osilo, distretto del castello di Bonveh   e dai villaggi di Menussades e Muntquarter non siano esportati fuori dagli stessi villaggi n  venduti negli stessi per rifornire aree fuori dalla giurisdizione regia, fuorch  a Sassari e Alghero.', 'Cabreo L1'),
(135, '', 'Doc. V.12, pp. 37, 74-78', 'Jaume de Besora', 'Vedi anche: CSPS, 378; Bosa, D21, D22.\nPer il toponimo Alinos cfr. G. Paulis, I nomi di luogo della Sardegna, Sassari 1987, p. 405: Alinesi (Villanova Monteleone - IGM 192 II SE); p. 407 Riu Alinos (Villanova Monteleone - IGM 192 II SE).\nPer il toponimo Campo de Bous cfr. G. Paulis, I nomi di luogo, cit., p. 405: Campu oes (Villanova Monteleone - IGM 193 IV SO).\nPer il toponimo Monte Addos/Atdos cfr. G. Paulis, I nomi di luogo, cit., p. 406: Monte Aidos (Villanova Monteleone - IGM 192 II NE).\nPer il toponimo Rayguina cfr. G. Paulis, I nomi di luogo, cit., p. 406: Casa sa raighina (Villanova Monteleone - IGM 193 IV SO).', 'Jaume de Besora conferma la concessione in enfiteusi, data a Cagliari il 5 maggio 1436, del saltu di Campo de Bous, come ricompensa dei servizi prestati alla Corona, a Jaspert Ferret, il quale partecip , tra le altre cose, all\'assedio di Monteleone.\nIl saltu confina:  al riu de Set Voltes, a Valle Manna et finiendo a Santo Leonardo et recedendo a parte meridiey, de Alinos a Cuguzaque, includendo in eodem saltu Barriadorge e Liestade, a la Vall dela Fellige e Rayguina e la Serra de Ladarargos, usque a Lacono, inclusive  (c. 101v).\nIl 21 di maggio dello stesso anno Jaspert Ferret richiede anche Crastos de monte de Naya, finta a Scala de Catdos inclusive, falando a monte Addos, drito a Sancta Maria [...] e tornando per issu ditu monte de Crastos fina a Portu rudo e Pisquinos (c. 102v-103), e ottiene Crastos de monte de Naya, finta a Iscala de Cardos inclusive, falando a monte Atdos, drito a Santa Maria Ilita e torrando per isso dicto Crastos de monte finta a Portu rudu e Pisquinos (c. 103).', 'Cabreo L1'),
(136, '', 'Doc. VI.8, p. 83-84', 'Jaume de Besora', '', 'Concessione di alcuni diritti reali sui villaggi di Sette Palme e di Querqui a Giovanni Gambella come ricompensa dei servizi prestati alla Corona, tra cui la partecipazione all\'assedio di Monteleone.', 'Cabreo L1'),
(137, '', 'Doc. VI.24, p. 43', 'Jaume de Besora', 'Saltu in territorio di Menussades; vedi anche: Cabreo L1, VI.22.\nPer il toponimo Alinos cfr. G. Paulis, I nomi di luogo della Sardegna, Sassari 1987, p. 405: Alinesi (Villanova Monteleone - IGM 192 II SE); p. 407 Riu Alinos (Villanova Monteleone - IGM 192 II SE).\nPer il toponimo S. Donato cfr. G. Paulis, I nomi di luogo, cit., p. 406: Funtana santu Donadu (Villanova Monteleone - IGM 192 II NE) e p. 407:  Santu Donadu (Villanova Monteleone - IGM 192 II NE).', 'Il vicer  e procuratore reale Jaume de Besora conferma la concessione dei saltos, di Alinos, Santo Donato e Cavalls di Seyo ad Andrea Sanxot, nipote di Saturnino Pinna (cfr. doc. VI.22, pp. 42-43), in remunerazione dei diversi servizi prestati alla corona.', 'Cabreo L1'),
(138, '', 'P. 118', '', 'Per il toponimo S. Vittoria cfr. G. Paulis, I nomi di luogo, cit., p. 406:  Monte Santa Vittoria (Villanova Monteleone - IGM 193 III NO).', 'Campuji: situato in localit  Campui presso le chiese scomparse di Santa Lucia e Santa Vittoria, 2 Km a sud-est di Romana.', 'Pozzomaggiore'),
(139, '1441', 'P. 118', '', 'Per il toponimo Curos cfr. G. Paulis, I nomi di luogo della Sardegna, Sassari 1987, p. 407: Monte Funtana de Curos, Riu Curos e Rovine du Curos (Villanova Monteleone - IGM 193 III NO).', 'Curos: nel 1441 risulta gi  spopolato.', 'Pozzomaggiore'),
(140, '', 'Pp. 118-119', '', 'Per il toponimo Minutadas cfr. G. Paulis, I nomi di luogo della Sardegna, Sassari 1987, p. 406: Minoladas (Villanova Monteleone - IGM 193 III NO).\nPer il toponimo Santu Miali cfr. G. Paulis, I nomi di luogo, cit., p. 405: Cantoniera Santu Miali (Villanova Monteleone - 192 II NE) e p. 407 Santu Miali (Villanova Monteleone - 192 II NE). ', 'Ferrukesos: situato nella valle di Minutadas, 3,5 Km a nord-ovest di Montresta, accanto alla casa cantoniera Santu Miali.', 'Pozzomaggiore'),
(141, '1441', 'P. 119', '', '', 'Interiola: nel 1441 Terriula risulta gi  spopolato. Era presso il santuario campestre di Nostra Signora de Interios, 2 Km verso sud-ovest da Villanova.', 'Pozzomaggiore'),
(142, '1436-1439', 'P. 119', '', 'Per il toponimo Massada cfr. G. Paulis, I nomi di luogo della Sardegna, Sassari 1987, p. 405: Casa Maseda (Villanova Monteleone - IGM 193 III NO) e p. 406: Maseda (Villanova Monteleone - IGM 193 III NO).', 'Massada: 1436-\'39 (infeudazioni territori di Nicoloso Doria).', 'Pozzomaggiore'),
(143, 'Fine XV secolo', 'P. 119', '', 'Per il toponimo Minerva cfr. G. Paulis, I nomi di luogo della Sardegna, Sassari 1987, p. 406: Monte Minerva  e Palazzo Minerva (Villanova Monteleone - IGM 193 III NO); cfr. Terrosu Asole, p. 49: Minerva - Palazzo (Monteleone Roccadoria - IGM 193 III NO).', 'Minerva: alla fine del XV secolo la chiesa San Michele di Mierba costituisce una prebenda canonicale.', 'Pozzomaggiore'),
(144, '', 'P. 119', '', 'Per il toponimo Minutadas cfr. G. Paulis, I nomi di luogo della Sardegna, Sassari 1987, p. 406: Minoladas (Villanova Monteleone - IGM 193 III NO).\nPer il toponimo S. Donato cfr. G. Paulis, I nomi di luogo, cit., p. 406: Funtana santu Donadu (Villanova Monteleone - IGM 192 II NE) e p. 407:  Santu Donadu (Villanova Monteleone - IGM 192 II NE).\nPer il toponimo Santu Miali cfr. G. Paulis, I nomi di luogo, cit., p. 405: Cantoniera Santu Miali (Villanova Monteleone - 192 II NE) e p. 407 Santu Miali (Villanova Monteleone - 192 II NE). ', 'Minutadas: situato nella valle di Minutadas, 3 Km e mezzo a nord-ovest da Montresta, accanto alla casa cantoniera Santu Miali e alla scomparsa chiesa di San Donato.', 'Pozzomaggiore'),
(145, '1370; 1436-1439', 'Pp. 119-120', '', '', 'Mogultera: nel 1370 la villa di Mont Cort   di propriet  regia. Infeudato nel 1436-\'39. Situato in localit  Mogultera presso le chiese di Santa Maria Mater e di San Pietro, nei dintorni della Scuola Agraria di Montresta.', 'Pozzomaggiore'),
(146, '1441', 'P. 120', '', '', 'Nune: nel 1441 risulta gi  spopolato.', 'Pozzomaggiore'),
(147, '1537', 'P. 120', '', 'Per il toponimo Campu de Bous cfr. G. Paulis, I nomi di luogo della Sardegna, Sassari 1987, p. 405: Campu oes (Villanova Monteleone - IGM 193 IV SO).', 'Nurcara: nel 1537 si ricordano  los Saltos de S.t Lleonart y Norcara  e la  villa feudal de Sant Lleonart situada en los salt de Campo de Bous .', 'Pozzomaggiore'),
(148, '1436-1440', 'P. 121', '', 'Per il toponimo Passarades cfr. G. Paulis, I nomi di luogo della Sardegna, Sassari 1987, p. 185: Passaradas (Montresta - IGM 192 II SE).', 'Passarades: compare negli anni 1436-1440, gi  spopolato. Sito forse presso i resti della chiesa di Sant\'Alvara, 3 Km a nord-ovest di Montresta.', 'Pozzomaggiore'),
(149, '1436', 'P. 121', '', '', 'Romana: compare nel 1436 negli atti di infeudazione.', 'Pozzomaggiore'),
(150, '1436-1439', 'P. 121', '', 'Per il toponimo Maseda cfr. G. Paulis, I nomi di luogo della Sardegna, Sassari 1987, p. 405: Casa Maseda (Villanova Monteleone - IGM 193 III NO) e p. 406: Maseda (Villanova Monteleone - IGM 193 III NO).\nPer il toponimo Minutadas cfr. G. Paulis, I nomi di luogo, cit., p. 406: Minoladas (Villanova Monteleone - IGM 193 III NO).\nPer il toponimo Monte S. Vittoria cfr. G. Paulis, I nomi di luogo, cit., p. 406:  Monte Santa Vittoria (Villanova Monteleone - IGM 193 III NO).', 'Santa Vittoria: compare insieme a Maseda negli atti di infeudazione del 1436- \'39. Situato in localit  Monte Santa Vittoria, nella valle di Minutadas, tra la Scuola Agraria e Montresta, a sud di Villanova.', 'Pozzomaggiore'),
(151, '1441', 'P. 121', '', 'Per il toponimo S. Caterina cfr. G. Paulis, I nomi di luogo della Sardegna, Sassari 1987, p. 407: Riu Santa Caterina e Santa Caterina (Villanova Monteleone - IGM 193 III NO).', 'Salamatter: nel 1441 Calamatara, gi  spopolato. Localizzato forse in localit  Salamadas, presso la chiesa scomparsa di Santa Caterina, 2 Km verso sud da Villanova.', 'Pozzomaggiore'),
(152, '', 'P. 122', '', 'Per il toponimo Trigiada cfr. G. Paulis, I nomi di luogo della Sardegna, Sassari 1987, p. 272: Monte Trigiada e Ponte Trigiada (Romana - IGM 193 III NE).\nPer il toponimo S. Giolzi cfr. G. Paulis, I nomi di luogo, cit., p. 272: Santu Giolzi (Romana - IGM 193 III SO) e Santu Giorzi (Rud.o) (Romana - IGM 193 III SE).', 'Teclata: sito presso regione Santu Giolzi e il Monte e Nuraghe Trigiada, 1 Km da Romana in direzione sud-est.', 'Pozzomaggiore'),
(153, '', 'P. 122', '', 'Per il toponimo S. Giagu cfr. G. Paulis, I nomi di luogo della Sardegna, Sassari 1987, p. 272: Santu Giagu (Romana - IGM 193 III SE).\nPer il toponimo S. Giorzi cfr. G. Paulis, I nomi di luogo, cit., p. 272: Santu Giolzi (Romana - IGM 193 III SO) e Santu Giorzi (Rud.o) (Romana - IGM 193 III SE).\nPer il toponimo S. Lussorio cfr. G. Paulis, I nomi di luogo, cit., p. 272: Santu Lussurgiu (Romana - IGM 193 IV SO).\nPer il toponimo nuraghe Tudera cfr. G. Paulis, I nomi di luogo, cit., p. 182: Tudera (Monteleone Rocca Doria - IGM 193 III NO).', 'Tutar: situato presso il Nuraghe Tudera, 1 Km a nord di Monteleone. Una frazione era presso la grotta-santuario di San Lussorio, con le chiese scomparse Santu Giagu, Santu Giorzi e Sant\'Ervino.', 'Pozzomaggiore'),
(154, '', 'P. 128', 'Dalmau de Jard ', 'Vedi anche: Cabreo L1, doc. VI.22.\nPer il toponimo Manussades cfr. G. Paulis, I nomi di luogo della Sardegna, Sassari 1987, p. 406: Minoladas (Villanova Monteleone - IGM 193 III NO).', 'Donazione ( donacion pheudal ) di alcuni saltos da parte del governatore Dalmau de Jard  a Nuidas e Pietro Pinna  hermanos de la villa de Manussades .', 'Pozzomaggiore'),
(155, '', 'Doc. 48, p. 20', '[Vescovo di Sorres]', 'Vedi anche: SPS, 49, 57, 58, 60, 68; CDS, tomo II, doc. XXIV, pp. 58/2-60/1; Arru, pp. 38-40.', 'Disposizioni relative alla vicenda del canonico di Sorres Marchu u de Lacon, riconosciuto colpevole di concubinato, consumato nel villaggio di Giave, e arrestato per ordine del vescovo. Si accenna al fatto che il predetto canonico  synde est fuidu et andadu infini ad Monteleone, et sendo in Monteleone noys l\'amus dadu comandamentu que depiat comparire daenanti nostru  e poi recarsi dal Santo Padre per ottenere l\'assoluzione.*', 'SPS'),
(156, '', 'Doc. 49, p. 20', '[Vescovo di Sorres]', 'Vedi anche: SPS, 48, 57, 58, 60, 68; CDS, tomo II, doc. XXIV, pp. 58/2-60/1; Arru, pp. 38-40.', 'Disposizioni relative alla vicenda del canonico di Sorres Marchu u de Lacon, del quale si dice che era stato giudicato anche da Nicoloso Doria ( crimonia et questione fata in Montelione daenanti desu manificu segnore messer Nichalosu de Auria ).*', 'SPS'),
(157, '', 'Doc. 57, pp. 23-24\nTomo II, sec. XV,doc. XXIV, p. 59/1\nPp. 38-40', 'Vescovo di Sorres', 'Vedi anche: SPS, 48, 49, 58, 60, 68; CDS, tomo II, doc. XXIV, pp. 58/2-60/1.\n', 'Il vescovo di Sorres scrive a Matteo, canonico [di Bosa], rettore di S. Stefano di Monteleone, riguardo ai crimini commessi dal canonico di Sorres Marchu u de Lacon*, il quale aveva trovato rifugio a Monteleone.', 'SPS\nCDS\nMonteleone Rocca Doria'),
(158, 'Met  del XII sec.', 'Vol. 2, p. 318,18', '', '', 'Ricostruendo le vicende del giudicato di Cagliari, tra le altre cose, riferisce che Pietro de Lacon, figlio del giudice di Torres Gonnario, era signore (dominus) di Nurcara.\nFara trae il dato  ex iudicum Turritanorum libello .', 'Opera 2'),
(159, '1357', 'Vol. 3, p. 80,3-16\nPp. 20; 23', '', '', 'Riferimento al fatto che nel 1357, morto Matteo Doria, il nipote Brancaleone ottiene dal re, tra le altre cose, Monteleone.', 'Opera 3\nMonteleone Rocca Doria'),
(160, '1368', 'Vol. 3, p. 94,34\nP. 49\nP. 24', '', 'Per il toponimo Minutadas cfr. G. Paulis, I nomi di luogo della Sardegna, Sassari 1987, p. 406: Minoladas (Villanova Monteleone - IGM 193 III NO); cfr. Terrosu Asole, p. 49: Santu Miali - Monte (Villanova Monteleone - IGM 192 II SE).', 'Riferisce che Pietro Pinna  sardum minutadensem, Aragonensium defensorem optimum  viene ucciso, insieme ad altri alleati degli Aragonesi, dagli uomini del giudice di Arborea Mariano IV.', 'Opera 3\nAtlante Sardegna\nMonteleone Rocca Doria'),
(161, '', 'Doc. 58, pp. 24-25', '[Vescovo di Sorres', 'Vedi anche: SPS, 48, 49, 57, 60, 68; CDS, tomo II, doc. XXIV, pp. 58/2-60/1; Arru, pp. 38-40.', 'Disposizioni relative ai crimini commessi dal canonico Marchu u de Lacon*, per i quali venne privato del beneficio dal vescovo; si accenna, tra le altre cose, alla fuga del canonico a Monteleone.', 'SPS'),
(162, '', 'Doc. 264, pp. 209-213', 'Sanxo Aznarez d\'Arbe', '', 'Riferisce, tra le altre cose, che Nicol  Doria aveva radunato le truppe di Monteleone e di molti altri luoghi per aggredire il vicario dei marchesi di Malaspina e sottrargli il saltu di Salt de Piano.', 'Malaspina'),
(163, '', 'Doc. 285, pp. 226-229', 'Ramon de Cardona, governatore del regno di Sardegna; Filippo Medico*', 'Si specifica che Filippo Medico era abitante di Alghero, procuratore e sindaco dei Doria e nell\'occasione rappresentante anche dei marchesi Malaspina.', 'Tregua stipulata tra il governatore Ramon de Cardona e Filippo Medico, abitante di Alghero; tra le altre cose sono citati i notabili (principales) o uomini di Alghero, Monteleone, Nurcar e Caputabbas.', 'Malaspina'),
(164, '', 'Doc. 432, pp. 307-311', 'Federico e Azzone Malaspina; esponenti della fam. Doria', 'Soddu (p. 308) specifica:  Rispetto alla datazione, si consideri che non compare nel documento Giovanni Malaspina, morto entro il febbraio del 1343, mentre vi   citato Galeotto Doria, morto nel 1346 .\nI Doria che stipulano l\'accordo sono: Cassano, Brancaleone, Fabiano, Damiano, Galeotto, Manfredi, Murruele, Giovanni e Vallarano.', 'Accordi per una lega tra Federico e Azzone Malaspina, da una parte, e alcuni Doria*, dall\'altra. Tra le altre cose, viene stabilito che Brancaleone Doria possa e debba tenere il castello di Monteleone  usque ad annum unum proximum venturum  e che debba restituire tutti i beni agli espulsi di Monteleone, i quali non potranno entrare nel castello per tutto il tempo del detto anno.', 'Malaspina'),
(165, '', 'Doc. 516, pp. 361-362', 'Bernat de Cru lles, governatore del Capo di Logudoro', 'Ugolino Pala   citato anche nei docc. 514, 515, 517, cfr. A. Soddu, I Malaspina e la Sardegna. Documenti e testi dei secoli XII-XIV, Cagliari 2005.', 'Il governatore del Capo di Logudoro Bernat de Cru lles concede ad Ugolino Pala, abitante di Monteleone, diversi beni immobili come premio per la fedelt  dimostrata verso la Corona aragonese.', 'Malaspina'),
(166, '', 'Doc. 166, pp. 81-83 ', 'Monastero di San Michele di Salvennor', '\n', 'Jorgia de Tori dona al monastero la ca a di Pozzomaggiore con le sue pertinenze; nella descrizione dei confini del  saltu del prado de Itocor y de valle de Calarique    citato anche Ferruquesu.', 'CSMS'),
(167, '', 'Doc. 121, pp. 132-134\nDoc. XLII, pp. 211-213', 'Papa Innocenzo III', 'Cfr. J.P. Migne, Patrologiae cursus completus. Series latina, voll. 214-216, Paris 1890, vol.  215, doc. CCLXXXII, coll. 1594-1600 per la variante Feruzisi.\nCfr. A. Potthast, Regesta pontificum Romanorum, I, Berolini 1874, n. 3470\nCfr. T. Leccisotti, I Registri dell\'Archivio di Montecassino, I e X, Roma 1964 e 1975, I, n  8, pp. 10-11.\nVedi anche: Saba,  XLVIII.', 'Innocenzo III conferma all\'abbazia di Montecassino il possesso di tutti i suoi beni, compresi i monasteri in Sardegna, tra i quali anche quello di S. Michele in Ferrucesi.', 'Innocenzo III\nMontecassino'),
(168, '1440', 'Vol. 3, p. 174,6', '', 'Vedi anche: Cabreo L4, cc. 109v-114r.', 'Riporta i privilegi ottenuti dai sassaresi Francesco Saba, Stefano Fara e Gonnario Gambella*; tra le altre cose, sono investiti del diritto di vita e di morte nelle regioni della Nurra, di Nurcara e del Monteleone.', 'Opera 3'),
(169, '', 'Tomo I, sec. XII, doc. XXXVI, p. 204/2 \nDoc. XIII, pp. 155-156', 'Papa Callisto II', '', 'Callisto II conferma al monastero di Montecassino il possesso delle chiese, monasteri e terre che gi  possedeva in Sardegna; tra le altre   citata anche S. Michele in Ferrucisi.', 'CDS\nMontecassino'),
(170, '', 'Tomo I, sec. XII, doc. XLV, p. 210/1 \nDoc. XXII, pp. 177-179', 'Costantino de Athen', 'Cfr. A. Soddu, Poteri pubblici e poteri signorili nella Sardegna dei secoli XI-XII, in L h ritage byzantin en Italie (VIIIe-XIIe si cle), III. Les institutions publiques,  cole fran aise de Rome, 26-27 f vrier 2010, doc. 093.', 'Costantino de Athen dona ai Cassinesi la chiesa di S. Michele di Thericellu, restaurandola a proprie spese e unendola alla chiesa di S. Michele de Ferruceso.', 'CDS\nMontecassino'),
(171, '', 'Tomo I, sec. XII, doc. XLVI, p. 210/2\nDoc. X, pp. 149-151', 'Comita de Azzen e la moglie Musconione Dezzori', 'Vedi anche: Saba, p. 54.\nPer la datazione cfr. M.G. Sanna, Osservazioni cronotattiche e storiche su alcuni documenti relativi all espansione cassinese nella diocesi di Ampurias fino alla met  del XII secolo, in A. Mattone, A. Soddu (a cura di), Castelsardo. Novecento anni di storia, Roma, 2007, p. 215-234. \nCfr. A. Soddu, Poteri pubblici e poteri signorili nella Sardegna dei secoli XI-XII, in L h ritage byzantin en Italie (VIIIe-XIIe si cle), III. Les institutions publiques,  cole fran aise de Rome, 26-27 f vrier 2010, doc. 045.', 'Comita de Azzen, insieme alla moglie, dona ai Cassinesi la chiesa di S. Maria di Iscala, con la domo di Bosove:  E ssiamus nois in obedenzia e ccomandamentu de Sanctu Benedittu de Monte Casinu e de apate ci bi aet essere. Ed eccusta causa nostra fiat in manu de monacu ci nce aet mandare su apate de Monte Casinu a Sanctu Micael de Ferrucesos .*', 'CDS\nMontecassino'),
(172, '', 'Tomo I, sec. XII, doc. LVI, p. 216/1\nDoc. XXVI, pp. 183-186', 'Gonnario II giudice di Torres', 'Vedi anche: Saba, X, pp. 149-151.\nCfr. A. Soddu, Poteri pubblici e poteri signorili nella Sardegna dei secoli XI-XII, in L h ritage byzantin en Italie (VIIIe-XIIe si cle), III. Les institutions publiques,  cole fran aise de Rome, 26-27 f vrier 2010, doc. 104.', 'Gonnario conferma al monastero di Montecassino le donazioni fatte dai suoi predecessori; tra le altre   citata anche la donazione ai Cassinesi della chiesa di S. Michele de Ferrugio/Ferrucesio* da parte di Comita de Athen Manacu*.', 'CDS\nMontecassino'),
(173, '', 'Tomo I, sec. XII, doc. LXVI, p. 222/2\nDoc. XXXIV, pp. 197-198', 'Papa Alessandro III', '', 'Bolla di papa Alessandro III, con la quale sono ricevuti sotto la protezione pontificia i monasteri e le chiese che l\'ordine di S. Benedetto di Montecassino possedeva in Sardegna; tra le altre   citata anche la chiesa di  S. Michaelis de Ferrucisi .', 'CDS\nMontecassino'),
(174, '', 'Tomo I, sec. XIII, doc. XXXIII, p. 329/1\nDoc. XLIII, pp. 213-214', 'Papa Onorio III', '', 'Il pontefice Onorio  III riceve sotto la protezione della Sedia Apostolica i diversi monasteri e chiese dell\'ordine di S. Benedetto di Montecassino; tra le altre   citata anche la chiesa di S. Michele in Ferucisi.', 'CDS\nMontecassino'),
(175, '', 'Tomo I, sec. XIII, doc. CXXXIV, p. 448/1\nDoc. XLIV, pp. 215-216', 'Tommaso, abate del monastero di Montecassino', 'Saba (p. 215) specifica:  Il regesto di Tommaso abate va dal 1285 al 1288. Seguendo l\'indizione si pu  fissare per il documento la data del 1287. Il Tola, che non ha visto l\'originale,   tratto in inganno dal Gattola e attribuisce il documento al 1293. ', 'Quietanze relative agli annui censi che il monastero di Montecassino riscuote dalle chiese e monasteri cassinesi esistenti in Sardegna: la chiesa di S. Michele in Forclesis/Forclesiis paga  libras predictorum denariorum (ianuentium) triginta septem et mediam que valent in auro uncias novem, tarenos undecim et grana quinque .', 'CDS\nMontecassino'),
(176, '', 'Tomo I, sec. XIV, doc. LXXXVIII, p. 755/2', 'Araone Doria, procuratore degli abitanti di Alghero', '', 'Ratifica e conferma della cessione del governo e pieno dominio di Alghero, pattuita a favore del Comune di Genova con atto del 15 febbraio 1353; tra gli abitanti e uomini di Alghero che prestano individualmente il giuramento di fedelt  al Comune di Genova   citato Pietro de Minerba.', 'CDS'),
(177, '', 'Tomo I, sec. XIV, doc. CXXIX, p. 798/1\nP. 27', 'Pietro IV re d\'Aragona', 'Per il toponimo Manu ades cfr. G. Paulis, I nomi di luogo della Sardegna, Sassari 1987, p. 406: Minoladas (Villanova Monteleone - IGM 193 III NO).', 'Pietro IV sottopone la villa di Manu ades alla giurisdizione della villa di Alghero.', 'CDS\nMonteleone Rocca Doria'),
(178, '', 'Tomo I, sec. XIV, doc. CXXXVIII, p. 810/2\nP. 49\nDoc. I.14, p. 31-32', 'Pietro IV re d\'Aragona', 'La data del 10 novembre riportata in L1 (verificata sul manoscritto)   evidentemente un errore del copista del cabreo, perch  i Libri dei privilegi di Alghero riportano sempre la data del 15: Libre gran, a cura di B. Tavera e G. Piras, Cagliari 1999, doc. 25; Libre Vell, a cura di F. Manconi, Cagliari 1997, doc. 110.\nIn L1 si noti la variante dei toponimi, registrati come Menussades e Muntcorter.\nPer il toponimo Muntcort cfr. Terrosu Asole, p. 49: Cuccu - Monte (Villanova Monteleone - IGM 192 II NE).\nCfr. anche ASCa, AAR, B5, cc. 238-238v.\nPer il toponimo Manussades cfr. G. Paulis, I nomi di luogo della Sardegna, Sassari 1987, p. 406: Minoladas (Villanova Monteleone - IGM 193 III NO).', 'Tra le altre cose vengono dichiarate di propriet  regia, e quindi inalienabili in perpetuo, le villas di Manussades e Muntcort.', 'CDS\nAtlante Sardegna\nCabreo L1'),
(179, '', 'Tomo I, sec. XIV, doc. CL, pp. 842/1-842/2\nVol. 3, p. 108,2\nPp. 24; 34-36\nTomo I, p. 36', 'Maggiorenti di Monteleone e della contrata di Caputabas', 'Si specifica che la comunit  era riunita in Monteleone  ante ecclesiam Sancti Stephani ubi solitum est congregari concilium .\nDocumento inserto nel trattato di pace tra Eleonora d\'Arborea e Giovanni I d\'Aragona, firmato a Cagliari il 24 gennaio 1388.\nIl notaio era di Bosa.\nIn Meilogu (tomo I, p. 36) si specifica che la pace prevedeva, tra le altre cose, la riconsegna alla Sardegna aragonese del circondario della villa di Minutadas.', 'I maggiorenti di Monteleone e della contrata di Caputabas nominano Guglielmo Seche quale loro rappresentante per sottoscrivere il trattato di pace tra Eleonora d\'Arborea e Giovanni I d\'Aragona*.\nMonteleone   citato come capoluogo della contrata de Caputabas, comprendente i villaggi di Putu-majore, Cossein, Giavi, Chelemale, Tiesi, Berssude.', 'CDS\nOpera 3\nMonteleone Rocca Doria\nMeilogu'),
(180, '', 'Tomo II, sec. XV, doc. V, p. 35/2', 'Leonardo Cubello; Pere Torrelles luogotenente generale del re (Martino d\'Aragona)', '', 'Capitoli di pace concordati tra Leonardo Cubello e Pere Torrelles. Al punto IV, Cubello chiede e ottiene da Torrelles che nel caso Nicoloso Doria non avesse contravvenuto ai patti stipulati con lo stesso Cubello, in forza dei quali quest ultimo aveva concesso al Doria  los lochs de Muntileh , Cap d Abas, Claramont e Angloni  insieme a una certa quantit  di denaro e d argento, la stessa concessione venisse confermata. Pere Torrelles promette che  donar  e confirmar  los castells de Muntileh  e de Claramont ab les sues encontrades  a Nicoloso Doria e alla moglie (sposada), sorella (germana) di L. Cubello, dietro versamento di un tributo annuo al re di 25.000 fiorini d oro di Firenze da parte dello stesso Doria.', 'CDS'),
(181, '', 'Tomo II, sec. XV, doc. XV, pp. 50/2-52/1\nP. 27', 'Ambasciatori di Monteleone; Berenguer Carr s conte di Quirra', 'Rispetto alla datazione topica,   presente il riferimento a  custu loghu de Calaris .\nRispetto ai personaggi citati si specifica  mandados da essa honiversidade dessu loghu de Monte Leone .\nNicoloso Doria   detto  signori nostru misser Nicolosu  e  segnore nostru misser Nicolosu de Auria .', 'Convenzione tra gli ambasciatori di Monteleone e il conte di Quirra per liberare dal carcere Nicoloso Doria, signore di Monteleone, dichiarare guerra ai suoi nemici e riconquistare i territori precedentemente sottrattigli.', 'CDS\nMonteleone Rocca Doria'),
(182, '', 'Tomo II, sec. XV, doc. XXV, p. 60/2\nVol. 3, p. 166,15-22', 'Alfonso V re d\'Aragona', 'Il documento edito sia dal Tola che dal Fara   in latino, ma quest\'ultimo autore specifica  l\'originale in lingua catalana   conservato nell\'archivio della citt  di Sassari .', 'Lettera con la quale il re Alfonso V ringrazia i Sassaresi per aver prestato soccorso al vicer  Jaume de Besora durante l\'assedio del castello di Monteleone.', 'CDS\nOpera 3'),
(183, '', 'Tomo II, sec. XV, doc. XXVI, p. 64/2\nVol. 3, p. 172,8', 'Alfonso V re d\'Aragona', '', 'Alfonso V rinnova e conferma a favore di Antonio Cubello, figlio di Leonardo Cubello, e dei suoi eredi, i feudi e titoli di marchese di Oristano e conte di Goceano gi  accordati dai suoi predecessori al padre; tra le altre cose   citato l\'assedio al castello di Monteleone.', 'CDS\nOpera 3'),
(184, '', 'Doc. 68, p. 28', '[Vescovo di Sorres]', 'Vedi anche: SPS, 48, 49, 57, 60, 68; CDS, tomo II, doc. XXIV, pp. 58/2-60/1; Arru, pp. 38-40.', 'Bernab  e Marcuzu vengono convocati, in quanto  clerigos desa diocesi de Sorra, non comente et clericos de Monteleone , per rispondere dei crimini dello stesso Marcuzu.', 'SPS'),
(185, '', 'Vol. I, doc. 1, p. 3', 'Ug de Rosanes', '', 'Disposizione relative ad ordini di pagamento e di consegna di alcune lettere; tra le altre cose, riferisce dell\'assedio del castello di Monteleone.', 'Visconti di Narbona'),
(186, '', 'Vol. I, doc. 106, p. 70', 'Consiglieri e probiviri di Cagliari', '', 'I consiglieri e probiviri di Cagliari informano Alfonso V che i Genovesi intendono porre l\'assedio alla citt  di Cagliari; tra gli altri, i Genovesi potranno contare sull\'aiuto di Nicoloso Doria, signore di Monteleone.', 'Visconti di Narbona'),
(187, '', 'Vol. I, doc. 107, p. 71', 'Berenguer Carr s conte di Quirra', 'Vedi anche: Visconti di Narbona, docc. 106 e 137.', 'Berenguer Carr s informa il re che il marchese di Oristano, in trattative con la citt  di Sassari, con Tristano de Turigui, con il  bastardo di Monteleone  e con i Genovesi,   intenzionato a impadronirsi di Cagliari e perci  chiede solleciti soccorsi.', 'Visconti di Narbona'),
(188, '', 'Vol. I, doc. 125, p. 85', 'Ferrer Bertran, conservador di Sardegna', '', 'Ferrer Bertran informa Alfonso V della venuta in Sardegna del visconte di Narbona; si specifica :  non   venuto con pi  di 150 uomini, tra cui vi sono ben sessanta contadini e venticinque o trenta balestrieri, e che si   sistemato nel castello di Sassari, dove prepara l\'artiglieria. Si dice che questo serva per Monteleone . ', 'Visconti di Narbona'),
(189, '', 'Vol. I, doc. 131, p. 89', 'Luis de Pont s, governatore di Cagliari', '', 'Resoconto degli spostamenti di Luis de Pont s; tra le altre cose, dice di aver avuto un\'ottima accoglienza anche a Monteleone.', 'Visconti di Narbona'),
(190, '', 'Vol. I, doc. 137, p. 93', 'Luis de Pont s, governatore di Cagliari', '', 'Luis de Pont s manda al re d\'Aragona le ultime notizie relative al visconte di Narbona; tra le altre cose riferisce che  il visconte gli ha chiesto di rendergli giustizia per il fatto di Nicoloso Doria, signore di Monteleone, che gli deve 9.000 ducati .', 'Visconti di Narbona'),
(191, '', 'Vol. I, doc. 143, p. 97', 'Ferrer Bertran conservador di Sardegna', 'Vedi anche: Visconti di Narbona, docc. 106 e 137.', 'Ferrer Bertran rende noto al re che il visconte di Narbona ha firmato tregue con la casata dei Doria e che intende acquistare Casteldoria da Cassano Doria; quest\'ultimo si trova a Monteleone per accordarsi con il bastardo Doria*, che possiede Monteleone, circa l\'acquisto di Casteldoria.', 'Visconti di Narbona'),
(192, '', 'Vol. I, doc. 168, p. 112', 'Joan de Corbera', 'Vedi anche: Visconti di Narbona, docc. 106 e 137.', 'Joan de Corbera, tra le altre cose, comunica al re che il marchese di Oristano e il bastardo di Monteleone sono entrati in trattative con gli abitanti di Sassari.', 'Visconti di Narbona'),
(193, '[1174?]*', 'P. 37', '', 'Secondo alcune controverse fonti ecclesiastiche di et  moderna, la chiesa di S. Michele di Furrighesos sarebbe stata consacrata nel 1174: cfr. A. Virdis, Porte Sante in Logudoro, in  Archivio Storico Sardo di Sassari , XII (1986), pp. 167-235, pp. 234-235, pp. 231 (condaghe di S. Pietro di Sorres:  San Miguel de Turiguesos , 1124 o 1174) e 233 (condaghe di S. Antioco di Bisarcio:  Santu Miali de Furiguesos , 1174). ', 'Nel XII secolo (forse intorno al 1174)* un cardinale inviato dalla corte papale, consacra diverse chiese, tra le quali la chiesa di S. Michele di Furrighesos, nelle campagne di Villanova Monteleone, e la chiesa di S. Maria di Coros, nella campagne di Ittiri.', 'Costa de Addes'),
(194, '', 'App. 1, pp. 186-187,  ff. 12v(2 )-?[ante f.18v]', 'Pere Cabot, procuratore nominato dal governatore del regno di Sardegna', 'Documento inserto in Castellaccio, App. 1.\nLa collocazione archivistica non   quella attuale ma quella riferita da Castellaccio.\nLa numerazione delle carte, recto e verso,   quella riportata nell\'edizione di Castellaccio.\nSi specifica :  alla ora terza  a Monteleone e  circa all\'ora di mezzo giorno  a Suttamonte.\nRispetto alla carica di maiore de pane cfr. A. Soddu, La signoria dei Doria in Sardegna e l\'origine di Castelgenovese, in  A. Mattone, A. Soddu (a cura di), Castelsardo. Novecento anni di storia, Roma 2007, p. 262.\nRelativamente agli antroponimi, si riporta di seguito la grafia normalizzata dei testimoni: Guglielmo Lombardo, [...] de Villa, Guglielmo Spaerio, Nicola di Bruno, Berardo di Riccobono, Matteo Arrighetti, Francesco Pinna, Stefano Pinna.', 'Verbale relativo alla missione compiuta a Monteleone e Suttamonte per consegnare l ingiunzione ai Doria.*', 'Doria e Aragona'),
(195, '', 'App. 1, pp. 187-188, ff. 18v-21.', 'Guillem de Cervell , governatore e riformatore generale del regno di Sardegna', 'Documento inserto in Castellaccio, App. 1.\nLa collocazione archivistica non   quella attuale ma quella riferita da Castellaccio.\nLa numerazione delle carte, recto e verso,   quella riportata nell\'edizione di Castellaccio.', 'Guillem de Cervell  delega Pere de Montpalau a ricevere il giuramento di fedelt  dei Doria.', 'Doria e Aragona'),
(196, '', 'App. 1, pp. 192-193, f. 25v(2 )', 'Pere de Montpalau, sostituto del governatore del regno di Sardegna ', 'Documento inserto in Castellaccio, App. 1.\nLa collocazione archivistica non   quella attuale ma quella riferita da Castellaccio.\nLa numerazione delle carte, recto e verso,   quella riportata nell\'edizione di Castellaccio.', 'Pere de Montpalau ingiunge ai Doria la cessione al re della potestas sui loro possedimenti sardi.', 'Doria e Aragona'),
(197, '', 'App. 2, p. 202, f. 1v(2 )', 'Guillem de Cervell , governatore e riformatore generale del regno di Sardegna', 'Documento inserto o citato in Castellaccio, App. 2.\nLa collocazione archivistica non   quella attuale ma quella riferita da Castellaccio.\nLa numerazione delle carte, recto e verso,   quella riportata nell\'edizione di Castellaccio.', 'Lettera di Guillem de Cervell  ai fratelli Cassano, Brancaleone, Matteo e Manfredi Doria, figli del fu Brancaleone ed eredi del fu Bernab  (figlio di Brancaleone).', 'Doria e Aragona');
INSERT INTO `schedaCAT` (`ID_Scheda`, `CronologiaDelContenuto`, `Edizione`, `Ente`, `Note`, `Oggetto`, `Titolo`) VALUES
(198, '', 'App. 2, pp. 209-210, f. 18', 'Guillem de Cervell , governatore e riformatore generale del regno di Sardegna', 'Documento inserto in Castellaccio, App. 2.\nLa collocazione archivistica non   quella attuale ma quella riferita da Castellaccio.\nLa numerazione delle carte, recto e verso,   quella riportata nell\'edizione di Castellaccio.', 'Bando emesso contro i Doria.', 'Doria e Aragona'),
(199, '', 'App. 2, p. 202, f. 1 \np. 202, f. 1v, 1 \npp. 203-204, ff. 4-5(1 )\np. 204, f. 5(2 -4 )\np. 204, f. 6\np. 205, f. 8v\np. 205, f. 9\npp. 205-208, ff. 10-17v\np. 210, f. 19\npp. 210-212, f. 19v(1 )-20v(2 ), 22v(3 )-23(2 )\npp. 212-213, f. 23v(1 )-24(1 )\np. 213, f. 24(2 )\np. 215, f. 28', 'Guillem de Cervell , governatore e riformatore generale del regno di Sardegna', 'Verbale stilato da Berthomeu Sanxo: cfr. A. Castellaccio, Doria ed Aragona, app. 2, p. 208, f. 17v, 4 . \nLa collocazione archivistica non   quella attuale ma quella riferita da Castellaccio.\nLa numerazione delle carte, recto e verso,   quella riportata nell\'edizione di Castellaccio.', 'Copia del verbale della sentenza del processo istruito contro i Doria da G. de Cervell :\nIl 7 dicembre 1346 G. de Cervell  invia ai Doria delle lettere, datate 2 dicembre 1346 (vedi doc. inserto in app. 2: p. 202, f. 1v(2 )).\nIl 23 dicembre viene affisso un bando (vedi doc. inserto in app. 2: pp. 209-210, f. 18).\nMarted  9 gennaio 1347 il governatore G. de Cervell  dichiara i nobili Doria contumaci per non essersi presentati al suo cospetto ad attestare  fidem legittimam  e li condanna a pagare le spese sostenute dall\'amministrazione regia.', 'Doria e Aragona'),
(200, '', 'Vol. II, p. 717', '', 'Aleo probabilmente non conosceva il contesto storico-documentario e/o topografico ed elenca il toponimo Monte Carti come fossero due luoghi distinti.\nPer il toponimo Massada cfr. G. Paulis, I nomi di luogo della Sardegna, Sassari 1987, p. 405: Casa Maseda (Villanova Monteleone - IGM 193 III NO) e p. 406: Maseda (Villanova Monteleone - IGM 193 III NO).\nPer il toponimo Minerua cfr. G. Paulis, I nomi di luogo, cit., p. 406: Monte Minerva  e Palazzo Minerva (Villanova Monteleone - IGM 193 III NO).\nPer il toponimo Minutades cfr. G. Paulis, I nomi di luogo , cit., p. 406: Minoladas (Villanova Monteleone - IGM 193 III NO).\nPer il toponimo Passeradas cfr. G. Paulis, I nomi di luogo, cit., p. 185: Passaradas (Montresta - IGM 192 II SE).\nPer il toponimo S. Vittoria cfr. G. Paulis, I nomi di luogo, cit., p. 406:  Monte Santa Vittoria (Villanova Monteleone - IGM 193 III NO).', 'La comarca della citt  di Bosa comprende, tra gli altri, i centri di Minutadas, Passeradas, Mogortera, Furriguesos, Massada, Monte*, Carti*, Santa Vittoria, Minerua [Minerva], Coros [=sito di Curos?]', 'Successos generales'),
(201, '1357', 'Tomo XI, p. 849\nP. 49\nTomo I, pp. 35-36\nPp. 12; 56', 'Curia regia aragonese', 'Per il toponimo Minussades cfr. G. Paulis, I nomi di luogo della Sardegna, Sassari 1987, p. 406: Minoladas (Villanova Monteleone - IGM 193 III NO); cfr. Terrosu Asole, p. 49: Santu Miali - Monte (Villanova Monteleone - IGM 192 II SE).', 'Censimento fiscale del patrimonio regio. Il villaggio di Minussades (dipendente da Alghero), nel 1357 paga circa 150 lire tra datum, maquicies,  salt de glan ,  dret de formatges e tavernas  e altre cose.', 'Repartimientos\nAtlante Sardegna\nMeilogu\nCosta de Addes'),
(202, '1358 (maggio)', 'Tomo XI, p. 851\nP. 49\nTomo I, pp. 35-36\nPp. 12; 56\nP. 110, III -151', 'Curia regia aragonese', 'Per il toponimo Minerva cfr. G. Paulis, I nomi di luogo della Sardegna, Sassari 1987, p. 406: Monte Minerva  e Palazzo Minerva (Villanova Monteleone - IGM 193 III NO); cfr. Terrosu Asole, p. 49: Minerva - Palazzo (Monteleone Roccadoria - IGM 193 III NO).\nDeriu (Meilogu, p. 36), tra le villas stralciate dalla  curatoria di Nurcara-Monteleone  e aggregate alla veguer a catalano-aragonese di Alghero, cita anche la villa di  Mogultera (Bosa, a lacana con Montresta) .', 'Censimento fiscale del patrimonio regio. Il villaggio di Minerva (dipendente dal castello di Bonveh ) nel 1358 ha 30 uomini armati e 20 casades (fuochi fiscali); paga (a maggio) 2 lire di datum; inoltre, paga 1 pe a per quintar di formaggio, 12 denari per ogni botte di vino venduta e 5 soldi annui per ogni taverna.', 'Repartimientos\nAtlante Sardegna\nMeilogu\nCosta de Addes\nVillaggi abbandonati'),
(203, '', 'Doc. XXXIII, pp. 196-197', 'Papa Anastasio IV', 'Il documento non   datato. Anastasio IV eletto pontefice il 12 luglio 1153 mor  il 3 dicembre 1154.', 'Anastasio IV conferma alla abbazia di Montecassino tutte le sue propriet ; tra i beni elencati   citata anche la chiesa di S. Michele in Ferrocesi.', 'Montecassino'),
(204, '', 'Doc. XLVI, pp. 218-221', 'Papa Urbano V', 'Vedi anche: Saba, doc. inserto in XLVI, pp. 218-221.', 'Urbano V conferma i beni di Montecassino e le chiese che i benedettini cassinesi gi  possedevano in Sardegna, riconfermando e ripetendo la bolla di Clemente III del 1188*;  tra le altre   citata la chiesa di S. Michele in Ferrucisi.', 'Montecassino'),
(205, '', 'Doc. XLVIII, pp. 225-226', 'Papa Sisto IV', 'Vedi anche: Saba, XLII; Sanna, 121.\nCfr. A. Boscolo, Il sigillo del monastero di S. Michele de Ferrucesos, in Studi sulla Sardegna bizantina e giudicale, a cura di A. Boscolo, Cagliari 1985, pp. 79-83.', 'Sisto IV conferma i beni ai Cassinesi con le chiese che gi  possedevano in Sardegna ripetendo, con qualche variazione, la bolla di Innocenzo III del 1208*.', 'Montecassino'),
(206, '', 'App. 1, p. 181, f. 2(1 ); p. 183, f. 4; pp. 184-185, ff. 9(1 )-9v(2 )\np. 186, f. 12\np. 187\np. 188, f. 21v\npp. 188-191, ff. 22v(2 )-25\np. 193, ff. 27v-28\np. 195, f. 42v(1 )\np. 195, f. 42v(2 ); p. 196\np. 196, f. 54v(1 ); p. 197, f. 58(1 ); p. 198, ff. 59-59v(2 )\np. 198, f. 59v(3 )\npp. 198-201', 'Guillem de Cervell , governatore e riformatore generale del regno di Sardegna', 'Il 18 dicembre   la data delle ultime registrazioni contenute nel documento.\nVerbale stilato dal notaio Ramon Morell (cfr. A. Castellaccio, Doria ed Aragona, app. 1, p. 185, f. 9, 2 ) e dal suo scrivano Bernat Mas  (ivi, p. 201). \nLa collocazione archivistica non   quella attuale ma quella riferita da Castellaccio.\nLa numerazione delle carte, recto e verso,   quella riportata nell\'edizione di Castellaccio.', 'Copia del verbale del processo istruito contro i Doria da G. de Cervell :\nGioved  23 novembre 1346 il governatore G. de Cervell  affida tre lettere, datate 20 novembre 1346 (vedi docc. inserti in app. 1: p. 184, f. 4v(2 ), f. 6, f. 7v), a Pere Cabot per consegnarle ai fratelli Doria nel castello di Monteleone e nelle curatorias di Nurcara e Cabudabbas.\nIl 24 novembre Pere Cabot riferisce di aver presentato e fatto leggere in Castel di Monteleone e nella villa di Sotamonte (vedi doc. inserto in app. 1: pp. 186-187, ff. 12v(2 )-?[ante f. 18v]) le tre lettere indirizzate ai Doria.\nIl 2 dicembre, il delegato Pere de Montpalau (vedi doc. inserto in app. 1: pp. 187-188, ff. 18v-21), trovandosi presso la villa di Canedo, ritiene opportuno avvisare i Doria del suo prossimo arrivo a Monteleone e affida a Pere Cabot una lettera a loro indirizzata.\nIl 3 dicembre Pere de Montpalau: \n- incontra, nei pressi di un fiume abbastanza vicino al castello, due delegati di Monteleone; \n- riceve conferma da Pere Cabot dell\'avvenuta consegna della lettera (vedi doc. inserto in app. 1: pp. 192-193, f. 25v(2 )) indirizzata ai Doria;\n- si reca al castello, nell abitazione di Brancaleone e Matteo Doria, per richiedere la potestas di Castel di Monteleone;\n- si dirige verso la villa di Sotamonte, dove, non essendo presenti i fratelli Doria, presenta la sua richiesta al maiore della villa Gavino Serra.', 'Doria e Aragona'),
(207, '', 'Doc. 51, pp. 79-81', 'Brancaleone Doria, conte di Monteleone', 'Secondo Casula (p. 189) il documento   da mettere in relazione con il doc. 153.\nVedi anche; CRD Pietro IV, app. 1 doc. 13.', 'Lettera di Brancaleone Doria al governatore del Capo di Logudoro Francesc de Montbu  (Montboy) e ai consiglieri di Alghero, nella quale viene trattato, fra l\'altro, uno scambio di prigionieri.*', 'CRD Giovanni I'),
(208, '', 'Doc. 153, pp. 185-189', 'Brancaleone Doria', 'Rispetto alla datazione cfr. Casula, p. 189 (nota 135); il doc.   copia di una carta real edita in D Arienzo: vedi anche: CRD Pietro IV, App. 1 doc. 13, p. 433.', 'Brancaleone Doria, riferisce, tra le altre cose, di aver  catturato undici uomini di Alghero e li tiene in carcere in Monteleone .', 'CRD Giovanni I'),
(209, '', 'Vol. XI, pp. 237-242\nPp. 10; p. 79\nP. 112', '', 'Vedi anche: Angius Casalis, voce Sardegna, curatoria di Nurcara, vol. XVIII ter, p. 59; voce Monteleone, vol. XI, pp. 243-246; voce Nurcara, vol. IX, pp. 538-539; voce Villanuova Monteleone, vol. XXV, pp. 455-456.\nRelativamente al castello di S. Eustachio cfr. V. Angius, in G. Casalis, cit., voce Bosa (vecchia): vol. II, (a. 1834), p. 544 e voce Padria: vol. XIV, (a. 1846), p. 31: il sito   incluso nel comune di Padria, paese che non fa parte del territorio del Nurcar medievale.\nDay (p. 112) specifica:  nella curatoria di Monteleone trovansi inoltre vestigia di antichi villaggi in localit  Pilleddu, S. Barbara, S. Barbarano, S. Nicola, S. Pietro, S. Quirico e Terrioly (Angius) .\nPer il toponimo Calvia cfr. G. Paulis, I nomi di luogo della Sardegna, Sassari 1987, p. 182: Funtana Calvia (Monteleone Rocca Doria - IGM 193 III NO).\nPer il toponimo Curos cfr. G. Paulis, I nomi di luogo, cit., p. 407: Monte Funtana de Curos, Riu Curos e Rovine du Curos (Villanova Monteleone - IGM 193 III NO).\nPer il toponimo Massada cfr. G. Paulis, I nomi di luogo della Sardegna, Sassari 1987, p. 405: Casa Maseda (Villanova Monteleone - IGM 193 III NO) e p. 406: Maseda (Villanova Monteleone - IGM 193 III NO).\nPer il toponimo Minerva cfr. G. Paulis, I nomi di luogo, cit., p. 406: Monte Minerva  e Palazzo Minerva (Villanova Monteleone - IGM 193 III NO).\nPer il toponimo Minutada cfr. G. Paulis, I nomi di luogo, cit., p. 406: Minoladas (Villanova Monteleone - IGM 193 III NO).\nPer il toponimo Tudera cfr. G. Paulis, I nomi di luogo, cit., p. 182: Tudera (Monteleone Rocca Doria - IGM 193 III NO).\nPer il toponimo S. Vittoria cfr. G. Paulis, I nomi di luogo, cit., p. 406:  Monte Santa Vittoria (Villanova Monteleone - IGM 193 III NO).\nPer il toponimo S. Barbara cfr. G. Paulis, I nomi di luogo, cit., p. 407: Santa Barbara (Villanova Monteleone - IGM 193 III NO; IGM 193 IV SO).', 'Monteleone (regione):  antico dipartimento del Logudoro, conosciuto sotto il nome di Nurcara *. \nSono descritti i confini (nord Nullauro, ovest mare Sardo, sud Bosa e Planargia, est Costavalle, Cabuabbas e curatoria di Coros), l\'orografia (il monte Scalapiccada, la catena dei colli di Villanova, il monte Leone, il monte Minerva e le colline di Romana), l\'idrografia, flora e fauna.\nDescrive la popolazione e specifica che al  tempo de\' Giudici  esistevano i paesi di Monteleone, Villanova, Romana, Padria, Mara, Pozzomaggiore, Buonvicino, Pauli, Minutada, Massada, Monte Curtei, S. Vittoria, Mositano, Minerva, Tudera, Banaria, Calvia, Curos.\nTra le altre cose   citato il castello di S. Eustachio:  presso la chiesa di questo titolo vuolsi che appariscano le vestigia d\'un\'antica rocca *.', 'Angius Casalis\nMonteleone Rocca Doria\nVillaggi abbandonati'),
(210, '', 'Vol. XXV, pp. 455-456', '', 'Vedi anche: Angius Casalis, voce Sardegna, curatoria di Nurcara, vol. XVIII ter, p. 59; voce Monteleone (regione), vol. XI, pp. 237-242; voce Monteleone, vol. XI, pp. 243-246; voce Nurcara, vol. IX, pp. 538-539.\nRelativamente ai toponimi Minotadas e Minerva cfr. V. Angius, in G. Casalis, Dizionario geografico storico-statistico-commerciale degli stati di S.M. il Re di Sardegna, voll. 31, Torino 1833-1856, voce Alghero (provincia): vol. I, (a. 1833), p. 202 e p. 207.\nPer il toponimo Minerva cfr. G. Paulis, I nomi di luogo della Sardegna, Sassari 1987, p. 406: Monte Minerva  e Palazzo Minerva (Villanova Monteleone - IGM 193 III NO).\nPer il toponimo Minotadas cfr. G. Paulis, I nomi di luogo della Sardegna, Sassari 1987, p. 406: Minoladas (Villanova Monteleone - IGM 193 III NO).', 'Villanuova Monteleone:  trovasi nel Nurcara, ha soggetti i comuni di Monteleone e Romana; vi risiedono i giusdicenti di Minotadas e Minerva*. Villanuova era compresa nel contado di Monteleone e faceva gi  parte della diocesi di Bosa .', 'Angius Casalis'),
(211, '', 'Vol. XVI, pp. 580-583\nP. 111, III -157', '', '', 'Romana:  villaggio nella provincia di Alghero, compreso nel mandamento di Villanova Monteleone e nell\'antico dipartimento del Nurcara del regno di Logudoro .\nCita una cappella silvestre, scavata nella roccia, intitolata a S. Lussorio ed i resti di una chiesa e  vestigia di antica popolazione  in localit  S. Ervino.', 'Angius Casalis\nVillaggi abbandonati'),
(212, '1750', 'Vol. XI, pp. 345-346', '', '', 'Montresta:  villaggio nella provincia di Cuglieri, nell\'antico dipartimento della Planargia .\nNel 1750 una colonia di greci si stabilisce nel  luogo da gran tempo deserto , ma nel 1830 delle famiglie greche restano solo 2 persone.', 'Angius Casalis'),
(213, '', 'Vol. II, p. 539', '', 'Per il toponimo Tangone cfr. G. Paulis, I nomi di luogo della Sardegna, Sassari 1987, p. 184: Monte Tangone (Montresta - IGM 192 II SE); p. 406: Funtana Tangoneddu, Porto Tangone, Tangone (Villanova Monteleone - IGM 192 II SE).\nVedi anche: Bosa, D34; Camos, p. 10.', 'Bosa (nuova): nella descrizione della voce   citata, tra le altre cose, la cala di Tang ne.', 'Angius Casalis'),
(214, '', 'Vol. II, pp. XXX-XXXI\nP. 246', 'T. [cos  nel testo] vescovo di Bosa*', 'Soddu (p. 246) ipotizza che il vescovo T. corrisponda a Tommaso, sul quale cfr. R. Turtas, Storia della Chiesa in Sardegna dalle origini al Duemila, Roma 1999, p. 866.\nVedi anche: Castelsardo, pp. 249-251, nota 63.', 'Il monastero di S. Fruttuoso ottiene dal vescovo di Bosa il permesso di costruire una chiesa  nel luogo detto Castroleone, che soleva chiamarsi Monte Tutar ; Brancaleone e Mariano, figli di Nicol  Doria, ottengono il giuspatronato sulla chiesa suddetta.', 'Branca Doria\nCastelsardo'),
(215, '', 'Vol. II, pp. XXXVI-XXXVII\nP. 246', 'Brancaleone Doria e i nipoti Saladino e Nicol  (figli del fu Mariano, fratello di Brancaleone)', 'Cfr. E. Basso, Alla conquista di un regno: l\'azione di Brancaleone Doria fra la Sardegna, Genova e l\'Oltregiogo, in  Medioevo. Saggi e Rassegne , 20 (1995), pp. 135-160, pp. 136-137.\nVedi anche: Castelsardo, pp. 249-251, nota 63.', 'I Doria concedono a frate Bonifacio, abate del monastero di S. Fruttuoso di Capodimonte, e a frate Bernardo, priore di S. Matteo in Genova, il diritto di esportare dalla Sardegna i prodotti ricavati dalle rendite delle chiese di Santo Stefano di Castel Leone, Santa Maria di Nuduno e San Giovanni Battista di Porto Leone.', 'Branca Doria\nCastelsardo'),
(216, '[1439]', 'P. 49', '', 'I riferimenti ad ASCa per Montecorter e Minussades sembrano essere sbagliati (non corrispondono i numeri delle carte): tutto sembra ricondursi al doc. del 1439 regestato da Oppia (doc. 85, p. 397).', 'Cuccu - Monte (Villanova Monteleone) 192 II NE.', 'Atlante Sardegna'),
(217, '1 ottobre 1436; 10 giugno 1437*', 'Doc. 85, p. 397', 'Alfonso V re d\'Aragona', 'Vedi anche: Oppia, doc. inserto in 85, p. 397.\nIl documento specifica che i suddetti villaggi insieme ad altri erano stati assegnati da Pietro IV alla vegueria di Alghero (con carta data a Saragozza il 15 giugno 1360: vedi anche: CDS, Tomo I, sec. XIV, doc. CXXIX, p. 798/1). I consiglieri e maggiorenti di Alghero avevano poi stipulato una  capitulatam concordiam  con Bernat Sellent, redatta ad Alghero il 10 giugno 1437. Non se ne specifica il contenuto, ma   evidente che quanto concordato doveva essere preliminare e necessario all infeudazione di Jaume de Besora, in quanto la citt  di Alghero si privava in questo modo di una parte del proprio territorio.\nRelativamente a Bernat Sellent alias Pujades vedi anche: Opera 3, vol. III, pp. 168-170.\nPer il toponimo Manussadeds cfr. G. Paulis, I nomi di luogo della Sardegna, Sassari 1987, p. 406: Minoladas (Villanova Monteleone - IGM 193 III NO).\nPer il toponimo Massada cfr. G. Paulis, I nomi di luogo della Sardegna, Sassari 1987, p. 405: Casa Maseda (Villanova Monteleone - IGM 193 III NO) e p. 406: Maseda (Villanova Monteleone - IGM 193 III NO).\nPer il toponimo S. Vittoria cfr. G. Paulis, I nomi di luogo, cit., p. 406:  Monte Santa Vittoria (Villanova Monteleone - IGM 193 III NO).', 'Il re d Aragona Alfonso V conferma l infeudazione effettuata da Jaume de Besora in favore di Bernat Sellent alias Pujades, per i meriti acquisiti da quest ultimo durante l assedio di Monteleone (e non solo), delle  villas de Manussades, de Massada, de Montcorter et de Sancta Vittoria, depopulatas et inhabitatas, situatas inter terminos civitatis Bosae villae Alguerii in regno eodem ad nostram curiam , secondo strumento (inserto) dato a Monteleone il 1  ottobre 1436.', 'Alghero'),
(218, '1187', 'P. 44', '', 'Il Libellus iudicum turritanorum   una cronaca scritta da un anonimo (quasi certamente un ecclesiastico) nella seconda met  del XIII secolo.', 'Secondo il Libellus iudicum turritanorum, Pietro (figlio del giudice di Torres Gonnario), una volta scacciato dal trono di Cagliari, ritorna nel Logudoro nel suo villaggio di Salmatir.', 'Libellus'),
(219, '', 'P. 49', '', 'Le attestazioni documentarie inserite dall\'autrice (Ecclesia Coriafo, Sella, 1, 2722, a. 1357-59; \nEcclesia Coriafo, Scano, 1, DLXXIX, a. 1357-59) non corrispondono all\'insediamento in oggetto. La questione   chiarita in G. Deriu, L insediamento umano medioevale nella curatoria di  Costa de Addes , Sassari 2000, p. 251.', 'Curos - Rovine (Villanova Monteleone) 193 III NO.', 'Atlante Sardegna'),
(220, '[1439]', 'P. 49', '', 'I riferimenti ad ASCa per Montecorter e Minussades sembrano essere sbagliati (non corrispondono i numeri delle carte): tutto sembra ricondursi al doc. del 1439 regestato da Oppia (doc. 85, p. 397).\nPer il toponimo Minutadas cfr. G. Paulis, I nomi di luogo della Sardegna, Sassari 1987, p. 406: Minoladas (Villanova Monteleone - IGM 193 III NO).', 'Santu Miali - Monte (Villanova Monteleone) 192 II SE.', 'Atlante Sardegna'),
(221, '[1439]', 'P. 49', '', 'I riferimenti ad ASCa per Montecorter e Minussades sembrano essere sbagliati (non corrispondono i numeri delle carte): tutto sembra ricondursi al doc. del 1439 regestato da Oppia (doc. 85, p. 397).\nPer il toponimo Minussadas cfr. G. Paulis, I nomi di luogo della Sardegna, Sassari 1987, p. 406: Minoladas (Villanova Monteleone - IGM 193 III NO).', 'Santu Miali - Monte (Villanova Monteleone) 192 II SE.', 'Atlante Sardegna'),
(222, '', 'Vol. XI, pp. 243-246\nPp. 44; 92-93\nPp. 110-111, III -153', '', 'Vedi anche: Angius Casalis, voce Sardegna, curatoria di Nurcara, vol. XVIII ter, p. 59; voce Monteleone (regione), vol. XI, pp. 237-242; voce Nurcara, vol. IX, pp. 538-539; voce Villanuova Monteleone, vol. XXV, pp. 455-456.\nPer il toponimo Curos cfr. G. Paulis, I nomi di luogo della Sardegna, Sassari 1987, p. 407: Monte Funtana de Curos, Riu Curos e Rovine du Curos (Villanova Monteleone - IGM 193 III NO).\nPer il toponimo Tudera cfr. G. Paulis, I nomi di luogo, cit., p. 182: Tudera (Monteleone Rocca Doria - IGM 193 III NO).\nPer il toponimo S. Barbara cfr. G. Paulis, I nomi di luogo, cit., p. 407: Santa Barbara (Villanova Monteleone - IGM 193 III NO; IGM 193 IV SO).', 'Monteleone: antico castello del dipartimento del Nurcara/Monteleone. Cita, tra le altre cose, le localit  Tudera, Banaria, Calvia e Curos per la presenza di resti di antiche abitazioni. \nSpecifica inoltre  la chiesa principale   intitolata a S. Stefano, e vuolsi che la medesima sia stata uffiziata da\' monaci benedettini; l\'altra che dista dal paese circa 300 passi,   nominata da S. Antonio abate. Eravene in altri tempi una terza dedicata a S. Barbara* .', 'Angius Casalis\nMonteleone Rocca Doria\nVillaggi abbandonati'),
(223, '', 'App. 1 doc. 13, p. 433', 'Brancaleone Doria', 'Vedi anche: CRD Giovanni I, doc. 153, pp. 185-189.', 'Brancaleone Doria, riferisce, tra le altre cose, di aver  catturato undici uomini di Alghero e li tiene in carcere in Monteleone .', 'CRD Pietro IV'),
(224, '', 'Vol. IX, pp. 538-539', '', 'Vedi anche: Angius Casalis, voce Sardegna, curatoria di Nurcara, vol. XVIII ter, p. 59; voce Monteleone (regione), vol. XI, pp. 237-242; voce Monteleone, vol. XI, pp. 243-246; voce Villanuova Monteleone, vol. XXV, pp. 455-456.\nPer il toponimo Massada cfr. G. Paulis, I nomi di luogo della Sardegna, Sassari 1987, p. 405: Casa Maseda (Villanova Monteleone - IGM 193 III NO) e p. 406: Maseda (Villanova Monteleone - IGM 193 III NO).\nPer il toponimo Minerva cfr. G. Paulis, I nomi di luogo, cit., p. 406: Monte Minerva  e Palazzo Minerva (Villanova Monteleone - IGM 193 III NO).\nPer il toponimo Minutadas cfr. G. Paulis, I nomi di luogo, cit., p. 406: Minoladas (Villanova Monteleone - IGM 193 III NO).', 'Nurcara*:  confinava col Nulauro, Coros, Cabuabbas, Costavalle e Serravalle; i nurcaresi abitavano in Monteleone, Villanova, Mara, Padria, nel borgo di Bonvicino, in Paulis, Minutadas, Massada, Monte Carti, Santavittoria, Mositano, Minerva .', 'Angius Casalis'),
(225, '', 'P. 10', '', 'Per il toponimo Langone cfr. G. Paulis, I nomi di luogo della Sardegna, Sassari 1987, p. 184: Monte Tangone (Montresta - IGM 192 II SE); p. 406: Funtana Tangoneddu, Porto Tangone, Tangone (Villanova Monteleone - IGM 192 II SE).\nVedi anche: Angius Casalis, vol. II, p. 305; Bosa, D34.', 'Nella descrizione della costa orientale della Sardegna, all altezza del Monte Mandrone, si cita una  caleta y la plauzela que se dize Langone .', 'Difesa costiera'),
(226, '[1115-1127]', 'P. 54', '', 'Vedi anche: Saba, X, pp. 149-151.\nCfr. Die Chronik von Montecassino, hrsg. von H. Hoffmann (M. G. H., Scriptores, 34), Hannover, 1980, IV, 67, p. 531-532\nCfr. H. Bloch, Monte Cassino in the Middle Ages, I-III, Roma, 1986, I, p. 447.\nRiguardo alla datazione cfr. A. Soddu, L aristocrazia fondiaria nella Sardegna dei secoli XI-XII. Cum voluntate et consilio de sos majorales et fideles meos, in L h ritage byzantin en Italie (VIIIe-XIIe si cle). 4. Habitat et structure agraire, II.L occupation du sol: aspects institutionnels; la grande propri t ,  cole fran aise de Rome, 17-18 d cembre 2010, in corso di stampa nella Collection de lcole fran aise de Rome.', 'Comita de Athen Manacu, vissuto tra la seconda met  dell XI secolo e il primo quarto del XII (durante il regno del giudice Costantino I), cos    ricordato nella Cronaca cassinese (Chronica monasterii Casinensis):  Comita, Sardorum nobilissimus, tunc temporis ad hoc monasterium veniens, cartam fecit huic loco de ecclesia Sancti Michaelis in Ferrucesi cum attinentiis suis .*', 'Montecassino'),
(227, '', 'Doc. inserto in XLVI, pp. 218-221', 'Papa Clemente III', 'Vedi anche: Saba, XLVI.', 'Bolla di Clemente III: tra le altre cose   citato S. Michele in Ferrucisi.*', 'Montecassino'),
(228, '1308', 'Libro V, cap. 71, pp. 688-689', '', 'Cfr. A. Corda, I Doria e la Sardegna negli Anales de la Corona de Arag n di Jer nimo Zurita, Facolt  di Lettere e Filosofia dell Universit  di Sassari, A.A. 2003-2004 (Rell. G. Meloni, A. Soddu), doc. 9, pp. 59-61.\nVedi anche: Castelsardo, pp. 254-255; Coghinas, p. 76; Arru, p. 18.', 'Brancaleone Doria e suo figlio Bernab  offrono il loro servizio al re d\'Aragona per la conquista del Logudoro a condizione che il re confermi e conceda loro e ai loro eredi i luoghi e i castelli che essi gi  possedevano; tra gli altri   citato anche il castello di Monteleone nella curatoria di Nurcar.', 'Anales'),
(229, '1332', 'Libro VII, cap. 16, p. 354.\nP. 83', '', 'Cfr. A. Corda, I Doria e la Sardegna negli Anales de la Corona de Arag n di Jer nimo Zurita, Facolt  di Lettere e Filosofia dell Universit  di Sassari, A.A. 2003-2004 (Rell. G. Meloni, A. Soddu), doc. 36, pp. 86-88.', 'Cassano Doria contratta con il re d\'Aragona la vendita della sua parte dei territori sardi, ovvero un quarto di Casteldoria, Castelgenovese, Alghero e Monteleone.', 'Anales\nCoghinas'),
(230, '1341', 'Libro VII, cap. 58, p. 514', '', 'Cfr. A. Corda, I Doria e la Sardegna negli Anales de la Corona de Arag n di Jer nimo Zurita, Facolt  di Lettere e Filosofia dell Universit  di Sassari, A.A. 2003-2004 (Rell. G. Meloni, A. Soddu), doc. 42, p. 93.', 'Cassano con il figlio Nicoloso, Fabiano e Damiano, fratelli di Cassano, e Moruello e Valarano, coalizzati contro Brancaleone Doria, occupano alcuni territori, tra i quali la met  di Monteleone.', 'Anales'),
(231, '1350', 'Libro VIII, cap. 38, pp. 188-190\nVol. 3, p. 66,1\nVol. I, p. 52\nPp. 20; 22\nP. 259\nP. 86', '', 'Cfr. A. Corda, I Doria e la Sardegna negli Anales de la Corona de Arag n di Jer nimo Zurita, Facolt  di Lettere e Filosofia dell Universit  di Sassari, A.A. 2003-2004 (Rell. G. Meloni, A. Soddu), doc. 50, pp. 99-103.\nCfr. F.C. Casula, La Sardegna aragonese, I-II, Sassari 1990, vol. I, p. 263.', 'Nel 1350 il governatore di Sardegna Riambau de Corbera tratta la pace con Brancaleone Doria e con i suoi fratelli Manfredo e Matteo: tra le altre cose il re d Aragona conferma ai fratelli Doria il feudo di Monteleone con la curatoria di Nurcar; inoltre viene imposto a Brancaleone l\'obbligo di apporre nella vetta della torre pi  alta del castello di Monteleone uno stendardo regio in segno di riconoscimento della potest  e del dominio del re d\'Aragona  por honor y reverencia del rey fuese obligado Brancale n de alzar un pend n real en un chapitel  de la m s alta torre del castillo de Montele n en se al de reconocimiento de la potestad y dominio que el rey ten a es sus estados .', 'Anales\nOpera 3\nGenova e Aragona\nMonteleone Rocca Doria\nCastelsardo\nCoghinas'),
(232, '1352', 'Libro VIII, cap. 50, p. 228\nVol. I, p. 147', '', 'Cfr. A. Corda, I Doria e la Sardegna negli Anales de la Corona de Arag n di Jer nimo Zurita, Facolt  di Lettere e Filosofia dell Universit  di Sassari, A.A. 2003-2004 (Rell. G. Meloni, A. Soddu), doc. 52, p. 104.', 'Riambau de Corbera si impossessa del castello di Monteleone di propriet  di Matteo Doria.', 'Anales\nGenova e Aragona'),
(233, '1353 gennaio 31', 'Libro VIII, cap. 52, p. 232\nVol. 3, p. 68,9\nPp. 20; 22; 33', '', 'Cfr. A. Corda, I Doria e la Sardegna negli Anales de la Corona de Arag n di Jer nimo Zurita, Facolt  di Lettere e Filosofia dell Universit  di Sassari, A.A. 2003-2004 (Rell. G. Meloni, A. Soddu), doc. 53, pp. 104-105.\nVedi anche: Genova e Aragona, vol. I, p. 154, nota 20.', 'Nel 1353 Riambau de Corbera espugna il castello di Monteleone; i fratelli Matteo e Manfredo Doria si riducono all\'obbedienza del re, il quale  el  ltimo de enero deste a o les confirm  el feudo de las villas de Montele n y Claramonte  con altri territori.', 'Anales\nOpera 3\nMonteleone Rocca Doria'),
(234, '', 'Libro VIII, cap. 57, pp. 260-261\nVol. I, p. 212, nota 140\nVol. 3, p. 72,32\nP. 20', '(Pietro IV) re d\'Aragona; giudicato d\'Arborea e Doria', 'Cfr. A. Corda, I Doria e la Sardegna negli Anales de la Corona de Arag n di Jer nimo Zurita, Facolt  di Lettere e Filosofia dell Universit  di Sassari, A.A. 2003-2004 (Rell. G. Meloni, A. Soddu), doc. 56, pp. 108-110.', 'Trattato di pace tra Aragonesi da una parte e Arborea e Doria dall\'altra; le clausole della pace prevedono, tra le altre cose, che a Matteo Doria vengano confermati il feudo di Monteleone e la curatoria di Nurcara.', 'Anales\nGenova e Aragona\nOpera 3\nMonteleone Rocca Doria'),
(235, '1383 giugno 24', 'Libro X, cap. 34, pp. 685-686\nVol. III, p. 172\nVol. 3, p. 100,18\nPp. 45; 85-86\nTomo I, pp. 35-36', '', 'Cfr. A. Corda, I Doria e la Sardegna negli Anales de la Corona de Arag n di Jer nimo Zurita, Facolt  di Lettere e Filosofia dell Universit  di Sassari, A.A. 2003-2004 (Rell. G. Meloni, A. Soddu), doc. 65, p. 119.\nVedi anche: Fara, vol. 3, p. 100,18.', 'In seguito all\'assassinio del giudice di Arborea Ugone III, Brancaleone Doria stringe alleanza con il re d\'Aragona Pietro IV, il quale  el d a de san Juan Bautista  (24 giugno) del 1383 lo nomina cavaliere (equestri dignitate) e erige Monteleone a contea (comitatus), assegnandoli il titolo di conte di Monteleone.', 'Anales\nGenova e Aragona\nOpera 3\nMonteleone Rocca Doria\nMeilogu'),
(236, '', 'Pp. 249-251', 'Comune di Genova; esponenti della fam. Doria', 'Cfr. I Libri Iurium della Repubblica di Genova, a cura di D. Puncuh, A. Rovere, S. Dellacasa, E. Madia, M. Bibolini, E. Pallavicino, Introduzione e I/1-8, Roma 1992-2002, vol. VII, a cura di E. Pallavicino, Roma 2001, n. 1210 (1287, dicembre 23, Genova)\nCfr. P. Tola, Codex diplomaticus Sardiniae, I-II, in  Historiae Patriae Monumenta , tomi X-XII, Torino 1861-1868, tomo I, sec. XIII, doc. CXX, pp. 399-402.\nLa convenzione veniva stipulata da Brancaleone Doria, Saladino e Nicol  (del fu Mariano del fu Nicol ).\nPer il riferimento ad altre fonti vedi anche: Castelsardo, p. 246.\nRispetto al toponimo Titari vedi anche: Castelsardo, p. 243, nota 36.', 'Convenzione stipulata tra il comune di Genova e alcuni esponenti dei Doria*: non sono specificati i possedimenti di Brancaleone Doria, Saladino e Nicol ,  ma sulla base delle fonti precedentemente esaminate*, si suppone che dovessero essere quelli in Anglona (Castelgenovese, Casteldoria ed ex curatoria di Anglona), Bisarcio (curia di Guisalco) e Monteleone (Castel Leone, Nuduno e Porto Leone) . Altri esponenti della famigli Doria  condividevano il possesso di terre nella ex curatoria di Nulauro e nella corte di Curcascho e di Titari* .', 'Castelsardo'),
(237, '', 'Pp. 254-255\nP. 76\nP. 18', 'Giacomo II re d Aragona; Brancaleone e Bernab  Doria', 'Cfr. V. Salavert y Roca, Cerde a y la expansi n mediterr nea de la Corona de Arag n. 1297-1314, I-II, Madrid 1956, vol. II, doc. 258, pp. 317-319; doc. 280, pp. 346-348; doc. 287, pp. 356-357.\nVedi anche: Zurita, V, 71, pp. 688-689.', 'Accordo diplomatico stipulato tra Giacomo II d Aragona (rappresentato da Bernat de Sarri ) da una parte e Brancaleone e suo figlio Bernab  Doria dall\'altra: questi ultimi si dichiarano vassalli del re aragonese per i  castra et loca ac terras que vos habere et possidere dicitis in Turritano sive Logodorio, sita in regno Sardinie *: tra gli altri anche il castello di Monteleone con l\'ex curatoria di Nurcar.', 'Castelsardo\nCoghinas\nMonteleone Rocca Doria'),
(238, '', 'P. 243, nota 36', '*', 'Relativamente alla datazione cronica si specifica che la concessione   datata  1238, aprile 1, indizione decima .\nSoddu (p. 243) specifica che  la notizia   contenuta all\'interno di uno dei documenti delle convenzioni tra Doria e comune di Genova, in cui non   specificato l\'autore della concessione  e  che i beneficiari della donazione fossero Manuelino e Nicol    una deduzione in base a quanto contenuto nel documento del 1287 ; vedi anche: Castelsardo, pp. 249-251.\nCfr. I Libri Iurium della Repubblica di Genova, a cura di D. Puncuh, A. Rovere, S. Dellacasa, E. Madia, M. Bibolini, E. Pallavicino, Introduzione e I/1-8, Roma 1992-2002, vol. VII, a cura di E. Pallavicino, Roma 2001, n. 1211 (1287, dicembre 23, Genova).\nCfr. P. Tola, Codex diplomaticus Sardiniae, I-II, in  Historiae Patriae Monumenta , tomi X-XII, Torino 1861-1868, tomo I, sec. XIII, doc. CXXI, pp. 402-405.', 'Concessione da parte di una non identificata autorit  a Manuelino e Nicol  Doria delle terre nella curatoria di Nulauro e nella corte di Curcascho e di Titari: questo toponimo rimanda presumibilmente alla localit  denominata Santu Tettaru presso Sassari o al Monte Tutar presso Montelone Rocca Doria, mentre la corte di Curcascho  pu  essere forse identificata con il centro di Curcas, nella curatoria di Flumenargia .', 'Castelsardo'),
(239, 'Secoli XI-XIII', 'Tomo I, p. 35', '', '', 'Nel corso dei secoli XI-XIII la curatoria di Nurcara-Monteleone comprendeva gli attuali comuni di Monteleone Rocca Doria, Romana, Villanova Monteleone, Montresta, Pozzomaggiore, Padria, Mara col Vidazzone su Cattari di Giave e Cossoine. ', 'Meilogu'),
(240, '1410; 1420; 1436', 'Tomo I, p. 37', '', '', 'L incontrada di Cabuabbas (ex curatorias di Cabuabbas e Nurcara-Monteleone), viene infeudata nel 1410 e riconfermata nel 1420 a Nicoloso Doria, figlio bastardo di Brancaleone; nel 1436 con l espugnazione del castello di Monteleone, dopo due anni di assedio, l incontrada viene smembrata, venduta ed infeudata.', 'Meilogu'),
(241, '', 'P. 11', '', 'Per il toponimo Curos cfr. G. Paulis, I nomi di luogo della Sardegna, Sassari 1987, p. 407: Monte Funtana de Curos, Riu Curos e Rovine du Curos (Villanova Monteleone - IGM 193 III NO).', ' Non si sa se la capitale, se cos  la vogliam chiamare, del Nurcara fosse la distrutta Curos ... o anche Monteleone, come vorrebbe lo Spano; o infine un distrutto villaggio di nome Nurcar, del quale, sempre ai tempi dello Spano, rimaneva una traccia toponomastica nel Monte Nurcaru . ', 'Monteleone Rocca Doria'),
(242, '1237', 'Pp. 12; 19', '', 'Vedi anche: Arru, p. 20.\nRelativamente al castello di Monteacuto affidato alla custodia del vescovo di Ampurias cfr. P. Tola, Codex diplomaticus Sardiniae, I-II, in  Historiae Patriae Monumenta , tomi X-XII, Torino 1861-1868, tomo I, sec. XIII, docc. LXXII-LXXIV, p. 356.', 'Congettura storiografica:  Nel 1237 il cappellano Alessandro, legato del pontefice Onorio III, pass  da un giudicato all\'altro e stipul  un trattato, o una serie di trattai pi  verosimilmente, per forza di ciascuno dei quali veniva affidata una o pi  posizioni fortificate a persone di assoluta fiducia del pontefice: il castello di Monteleone [cos  nel testo in luogo di Monteacuto]* fu affidato alla custodia del vescovo di Ampurias; nello stesso anno i Doria occuparono la regione di Nurcar e Monteleone,sul quale poi edificarono un castello *.', 'Monteleone Rocca Doria'),
(243, 'Fine XII secolo', 'P. 17', '', 'Per il toponimo Su Monte cfr. G. Paulis, I nomi di luogo della Sardegna, Sassari 1987, p. 182: Su Monte (Monteleone Rocca Doria - IGM 193 III NO).', 'Congettura storiografica:    possibile che attorno a quel periodo (fine del XII secolo) risalga la fondazione delle prime difese dei Doria sopra Su Monte; al quale pu  anche credersi che dessero l attributo di lione in ricordo della fortezza di Monteleone, che il console Ingone di Flessa fece edificare a Moneglia proprio in quegli anni: 1173 .', 'Monteleone Rocca Doria'),
(244, '1266', 'P. 18', '', '', 'Congettura storiografica:  Nel 1266 i Doria possedevano gi  Alghero, Giave, Castelgenovese, Monteleone e Casteldoria e le regioni dell\'Anglona, di Ardara, di Bisarcio, del Meilogu, del Cabuabbas e del Nurcara, oltre ai due terzi della Nurra .', 'Monteleone Rocca Doria'),
(245, '1102*', 'P. 20', '', 'Cfr. G. Strafforello, La Patria: Sardegna, Torino 1895; Arru (p. 20) considera la data non attendibile  per quanto sopra esposto ; vedi anche: Arru, p. 19; cfr. anche A. Soddu, La signoria dei Doria in Sardegna e l\'origine di Castelgenovese, in  A. Mattone, A. Soddu (a cura di), Castelsardo. Novecento anni di storia, Roma 2007, pp. 234--266, p. 237, nota 13.', ' Lo Strafforello, del quale si ignorano le fonti, d  per certo che il castello venne innalzato nel 1102 *. ', 'Monteleone Rocca Doria'),
(246, '1336 ca. -1340 ca.', 'P. 22', '', '', 'Attorno al 1336  alla morte di Barnaba, che di Monteleone era signore, Cassiano con Nicoloso ed altri cercarono di portar via a Brancaleone, fratello di Barnaba, anche quella parte del monteleonese che era gi  sua ; Brancaleone  riusc  a riprendersi le terre usurpategli attorno al 1340 .', 'Monteleone Rocca Doria'),
(247, '1411', 'P. 27; 37', '', '', 'Nel 1411 il visconte di Narbona occupa il castello di Monteleone imprigiona Nicoloso Doria.', 'Monteleone Rocca Doria'),
(248, '1436-1537', 'Pp. 29-30', '', 'Per il toponimo Minerva cfr. G. Paulis, I nomi di luogo della Sardegna, Sassari 1987, p. 406: Monte Minerva  e Palazzo Minerva (Villanova Monteleone - IGM 193 III NO).\nPer il toponimo Minutadas cfr. G. Paulis, I nomi di luogo, cit., p. 406: Minoladas (Villanova Monteleone - IGM 193 III NO); cfr. Terrosu Asole, p. 49: Santu Miali - Monte (Villanova Monteleone - IGM 192 II SE).\nPer il toponimo Tudera cfr. G. Paulis, I nomi di luogo, cit., p. 182: Tudera (Monteleone Rocca Doria - IGM 193 III NO).', ' Monteleone doveva essere anche un valido punto di riferimento per tutti i villaggi che lo attorniavano e che ne dipendevano, poich  pur essi decaddero rapidamente per andare in definitiva rovina: Ibilis, Modolo, Curos, T dera, Sust na, Bangios, Bonuighinu, Paulis, Minerva, Mositano, Teclada, che sparirono tutti, assieme ad altri, nel lasso di tempo intercorrente tra la caduta del castello [1436] e la sua restaurazione [1537]. Si salv , ancora per uno o due secoli, Minutadas, che poi definitivamente scomparve ', 'Monteleone Rocca Doria'),
(249, '1395', 'Pp. 29-30', '', '', 'Nel 1395 Pedro III de Boyl salva Villanova, saccheggiata da sos Moros.', 'Monteleone Rocca Doria'),
(250, '1250-1270*', 'Pp. 51-52', '', 'Cfr. R. Delogu, L\'architettura del Medio Evo in Sardegna, Roma 1953, pp. 192-193; per la datazione cfr. anche la Tavola cronologica (p. 251) che data il primo impianto della chiesa agli anni 1250-1280.', 'Relativamente alla chiesa di Santo Stefano,  il Delogu fissa il primo impianto originario della costruzione al 1250-1270 .', 'Monteleone Rocca Doria'),
(251, '1436', 'P. 63', '', '', 'Congettura storiografica:  La chiesa di Sant\'Antonio abate di Monteleone fu certamente la parrocchiale dell\'antichissimo borgo che and  distrutto nel 1436 .', 'Monteleone Rocca Doria'),
(252, '', 'Pp. 63-64', '', 'Per il toponimo S. Barbara cfr. G. Paulis, I nomi di luogo, cit., p. 407: Santa Barbara (Villanova Monteleone - IGM 193 III NO; IGM 193 IV SO).', 'S. Barbara: chiesa distrutta, ha dato nome alla zona; S. Giacomo, in territorio di Monteleone, d  il nome anche alla regione; S. Lussorio: in agro di Romana.', 'Monteleone Rocca Doria'),
(253, '', 'Doc. 2089, p. 190', 'Chiesa di Roma', 'Nell\'intestazione Sella scrive 1346-1350.', 'L\'8 febbraio [1347]* frate Nicol , priore di Ferraquesio [Ferruchesu], versa al collettore pontificio quanto dovuto dalle chiese di Lunafros e Versos, situate nella diocesi di Torres, presso Alghero.', 'RD'),
(254, '', '', 'Alfonso V re d\'Aragona', 'Vedi anche: Cabreo L4, cc. 23v-26 (concessione in enfiteusi datata 1434 dicembre 15).', 'Privilegio di Alfonso V di ratifica e conferna della concessione enfiteutica dei saltos di Calarigues, Nurague de Fenu, Piru d Abila e Mandra Antine, nella incontrada di Caputabbas nonch  del castello di Monteleone, compiuta il 15 dicembre 1434* da Jaume de Besora a favore di Pietro Spano di Sassari, come remunerazione di servizi in favore della Corona. Il sovrano si riserva lo ius domini, laudemio e servizio di 30 giorni, pi  un censo annuo di 10 soldi in alfonsini.', 'Cabreo L4'),
(255, '', '', 'Jaume de Besora', '', 'Concessione in enfiteusi dei saltos di Tamptasta, sa Arena, Tascas, sa Turalia, sa Perdige e sa Pala de su Calaritanu nel distretto di Monteleone, nell incontrada di Caputabbas, compiuta da Jaume de Besora, vicer  e procuratore reale su permesso di Alfonso V datato Palermo 1434, agosto 26, a favore di Andrea Sanxot, di Alghero, e Ferdinando de Heredia, di Sassari, come compenso per il servizio prestato nell assedio di Monteleone. In cambio   previsto il censo di un maiale e l intrata di 10 maiali.', 'Cabreo L4'),
(256, '', '', 'Jaume de Besora', 'Il documento   datato nell assedio di Monteleone nel luogo detto Spilello (Spiledu); vedi anche: Cabreo L4, cc.105v-109v; cc. 109v-114r e Fara, vol. 3, p. 166,5-6; 241 p. 28.', 'Enfiteusi del saltu di Sorighello nel distretto della veguer a di Alghero   con descrizione dei confini   fatta da Jaume de Besora, procuratore reale, - su permesso regio di Alfonso V datato 1434, agosto 26   a favore di Daniel Jord  di Barcellona residente ad Alghero. In cambio   previsto il censo di 2 soldi alfonsini e l intrata di 2 galline.', 'Cabreo L4'),
(257, '', '', 'Jaume de Besora', '', 'Enfiteusi del territorio compreso tra Vado Pessiguo con all interno la Fontana Deyana, Arule e Lande Longa sino a Ulvares, andando sino alla Marina e da l  sino a Scala Salonda, nel distretto di Alghero, dietro censo annuo di 3 soldi alfonsini e 10 lire di intrata. Concessione fatta da Jaume de Besora, vicer  e governatore generale e procuratore reale   a seguito di ricezione di una carta reale di Alfonso V datata 1434, agosto 26 Palermo   a favore di Jaume Figuera di Alghero, come ricompensa dei servizi prestati nell assedio di Monteleone.', 'Cabreo L4'),
(258, '', '', 'Alfonso V re d\'Aragona', 'Vedi anche: Fara, vol 3, pp. 168-170; p. 288,5 e Arru, pp. 30, 43, 45.\nPer inquadrare meglio le vicende finali dei Doria a Monteleone cfr. E. Basso, La rocca di Castelgenovese e il conflitto tra Genova e la Corona d\'Aragona per il controllo del Tirreno nel XV secolo, in A. Mattone, A. Soddu (a cura di), Castelsardo. Novecento anni di storia, Roma 2007, pp. 413-438.', 'Alfonso rinnova la concessione fatta in favore di Seraf  de Montanyans, Pere de Ferrera, Giacomo Manca, Francesco Melone e Pietro Spano, data a Teano il 10 luglio 1436*, essendo andata perduta la relativa carta.', 'Cabreo L4'),
(259, '', '', 'Alfonso V re d\'Aragona', 'Vedi anche: Cabreo L4, cc. 105v-109v (concessione in enfiteusi datata 1434 dicembre 12, Spiledo).', 'Alfonso V conferma l\'enfiteusi, concessa in data 1434 dicembre 12, Spiledo*, di due saltos nella incontrada di Caputabbas, nel distretto del castello di Monteleone: Cazeris e Monte de Pedro, recuperate al ribelle Nicoloso Doria. In cambio   previsto il censo di un fiorino d oro d Aragona e 25 di intrata, fatta da Jaume de Besora   in virt  di una concessione regia in data 1434 agosto 26, Palermo   a favore di Seraf  de Montanyans.', 'Cabreo L4'),
(260, '', '', 'Jaume de Besora', 'Il documento   datato nell assedio di Monteleone in loco qui dicitur Spiledo; vedi anche: Cabreo L4, cc. 70v-74r; cc. 105v-109v e Fara, vol. 3, p. 166,5-6; 241 p. 28.\nVedi anche: Fara, vol. 3, 174,6.', 'Concessione in feudo  iuxta morem Italie  delle villas spopolate di Laerru, Sayardu, Sochilo, Lences Asdu e Etrtes vicine a Sassari nel distretto della Flumenargia, fatta da Jaume de Besora vicer  e procuratore reale   con facolt  regia del 1434 agosto 26 Palermo   a favore di Gonnario Gambella di Sassari e dei suoi eredi con solo  mixto imperio , con censo annuo di un astore e dono di 50 fiorini d oro d Aragona.', 'Cabreo L4'),
(261, '', '', 'Alfonso V re d\'Aragona', 'Vedi anche: Cabreo L4, cc. 176r-182r (concessione in enfiteusi datata 1435 giugno 14, Sassari).\nPer il toponimo Rayguina cfr. G. Paulis, I nomi di luogo, cit., p. 406: Casa sa raighina (Villanova Monteleone - IGM 193 IV SO).', 'Conferma di Alfonso V di enfiteusi del saltu di  Pianarga, Pianu de Teules cun sa Rahighina , nel distretto di Monteleone, fatta da Jaume de Besora, vicer  e procuratore reale, il 14 giugno 1435 a Sassari* - compiuta con permesso regio datato Palermo 1434, agosto 26 - a favore di Giovanni Gambella di Sassari in cambio di un censo annuo di 5 soldi alfonsini d oro d Aragona.', 'Cabreo L4'),
(262, '', '', 'Jaume de Besora', '', 'Esecutoria di Jaume de Besora a favore di Nicola Viguino relativa ad una vigna, alcuni campi colti e incolti e altri beni nella villa di Padria, nell incontrada di Caputabbas, gi  di propriet  del ribelle Giovanni de Mudasso (o Nuidasso/Niudasso), un tempo abitante di Monteleone.  I beni sono stati concessi con instrumentum realizzato a Padria il 22 marzo 1436.', 'Cabreo L4'),
(263, '', '', 'Jaume de Besora', 'Vedi anche: Fara, vol. 3, pp. 168-170.\nPer il toponimo Minerva cfr. G. Paulis, I nomi di luogo della Sardegna, Sassari 1987, p. 406: Monte Minerva  e Palazzo Minerva (Villanova Monteleone - IGM 193 III NO).', 'Infeudazione,  iuxta morem Italie , del saltu e della villa spopolata di Minerva, nel territorio di Monteleone, con censo di 5 soldi alfonsini, fatta da Jaume de Besora, procuratore reale, - in virt  di autorizzazione regia datata 1434, agosto 26   a Paolo Salari di Bosa.', 'Cabreo L4'),
(264, '', 'Doc. 297, p. 33', 'Chiesa di Roma', 'Relativamente alla datazione cronica il doc. specifica  anno XLII, indictione X .\nRispetto all\'identificazione del domino Petro con Petro Muto vedi anche: RD, 296, p. 32.\nNell\'intestazione Sella scrive 1341, ma il riferimento immediatamente precedente   dell\'anno 1342. Cfr. P. Sella, \'Rationes decimarum Italiae\' nei secoli XIII e XIV. \'Sardinia\', Citt  del Vaticano 1945, doc. 266, p. 29.\nPer il toponimo Minerba cfr. G. Paulis, I nomi di luogo della Sardegna, Sassari 1987, p. 406: Monte Minerva  e Palazzo Minerva (Villanova Monteleone - IGM 193 III NO).', 'Il 6 agosto 1342 (ind. X, primo anno di pontificato di papa Clemente VI)* il collettore pontificio riscuote da  dicto domino Petro , rettore della chiesa di Minerba [Minerva], 8 lire.', 'RD'),
(265, '', 'Doc. 299, p. 33', 'Chiesa di Roma', 'Relativamente alla datazione cronica il doc. specifica  anno XLIII, indictione XI , mentre una nota al testo specifica che l\'indicazione del giorno   stata lasciata in bianco.\nVedi anche: RD, 298, p. 33; le schede 298- 299 sembrano chiudere la registrazione comprendendo l\'intera esazione di Monteleone.', 'Nel mese di febbraio del 1343, ind. XI, primo anno di pontificato di papa Clemente VI, il collettore pontificio riscuote, probabilmente da Pessavallo, priore di Monteleone*, 14 lire.', 'RD'),
(266, '', 'Doc. 317, p. 35', 'Chiesa di Roma', 'Nell\'intestazione Sella scrive 1341, ma il doc. specifica  anno XLII, indictione X .\nVedi anche: RD, 316, p. 35.', 'Il 7 dicembre 1342* ind. X, primo anno di pontificato di papa Clemente VI, il collettore pontificio riscuote dal priore di Feirgoresio [Ferruchesu]*, 5 lire.', 'RD'),
(267, '', '', 'Jaume de Besora', 'Vedi anche: Cabreo L4, cc. 23v-26v (documento di conferma datato 1436 luglio 16, Teano).', 'Concessione enfiteutica dei saltos di Calarigues, Nurague de Fenu, Piru d Abila e Mandra Antine, nella incontrada di Caputabbas nonch  del castello di Monteleone, come remunerazione di servizi in favore della Corona. Il sovrano si riserva lo ius domini, laudemio e servizio di 30 giorni, pi  un censo annuo di 10 soldi in alfonsini.', 'Cabreo L4'),
(268, '', ' -\nP. 57\nP. 45', 'Alfonso V re d\'Aragona', 'Documento inserto in Archivio di Stato di Cagliari, Antico Archivio Regio, L4, cc. 97v-105 (1436 ottobre 19, Gaeta). Cfr. anche I.F. Farae, Opera, 3, pp. 168-170, 288; D. Arru, Monteleone Rocca Doria, pp. 30, 43, 45. \nVedi anche: Cabreo L4, cc. 97v-105r (documento di conferma datato 1436 ottobre 19, Gaeta).\nArru (p. 45) riferisce che  furono vendute a feudo le castella di Monteleone e Bonveh  per diploma di tal data [10 luglio 1436] del Re Alfonso, ai Signori Serafino di Montanyans, Pietro de Ferrario, Giacomo Manca, Francesco de Mellone e Pietro Spano, tanto in loro nome che delle citt  di Sassari, Bosa e Alghieri, mediante il prezzo di 8200 ducati d\'oro di camera, con ampliazione e abilitazione delle femine, e anche di estranei a potervi succedere, con l\'ordine ai medesimi di distruggere le castella ; specifica inoltre che  nel 1436 il feudo venne confiscato per follonia a Nicoloso Doria e dato alla citt  di Sassari per 3/5, ad Alghero per 1/5 e a Bosa per 1/5 .\nVedi anche: Fara, vol 3, pp. 168-170; p. 288,5 e Arru, pp. 30, 43, 45.\nPer inquadrare meglio le vicende finali dei Doria a Monteleone cfr. E. Basso, La rocca di Castelgenovese e il conflitto tra Genova e la Corona d\'Aragona per il controllo del Tirreno nel XV secolo, in A. Mattone, A. Soddu (a cura di), Castelsardo. Novecento anni di storia, Roma 2007, pp. 413-438.', 'Seraf  de Montanyans, Pere de Ferrera, Giacomo Manca, Francesco Melone e Pietro Spano, a proprio nome e a nome delle citt  di Sassari e Bosa e della villa di Alghero, chiedono e ottengono lo smantellamento dei castelli di Monteleone e Bonveh , acquistando nel contempo i villaggi della contrada di Caputabbas, dietro versamento al re di 8.300 ducati, cos  ripartiti: 4.150 a carico di Seraf  de Montanyans (che acquisisce Cossoine e Giave), Pere de Ferrera (Padria e Mara con i territori e saltos della baronia di Bonveh ), Giacomo Manca (Thiesi, Cheremule e Bessude), Francesco Melone (Pozzomaggiore) e Pietro Spano (centri spopolati di Modolo e Musidanu); 1.000 per i  termens e salts  di Monteleone, a carico delle citt  di Sassari e Bosa e della villa di Alghero; 3.150 a carico delle citt  di Sassari e Bosa e della villa di Alghero e di tutti i baroni e heretats del Logudoro. I cinque si obbligano contestualmente a prestare servizio militare al sovrano aragonese.', 'Cabreo L4\nCosta de Addes\nMonteleone Rocca Doria'),
(269, '', '', 'Jaume de Besora', 'Vedi anche: Cabreo L4, cc. 105v-109v (documento di conferma datato 1436 giugno 26, Capua).\nIl documento   datato nell assedio di Monteleone in loco qui dicitur Spiledo; vedi anche: Cabreo L4, cc. 70v-74r; cc. 109v-114r e Fara, vol. 3, p. 166,5-6; 241 p. 28.', 'Concessione in enfiteusi di due saltos nella incontrada di Caputabbas, nel distretto del castello di Monteleone: Cazeris e Monte de Pedro, recuperate al ribelle Nicoloso Doria. Censo di un fiorino d oro d Aragona e 25 di entrata, fatta da Jaume de Besora   in virt  di una concessione regia in data 1434 agosto 26, Palermo   a favore di Seraf  de Montanyans .', 'Cabreo L4');
INSERT INTO `schedaCAT` (`ID_Scheda`, `CronologiaDelContenuto`, `Edizione`, `Ente`, `Note`, `Oggetto`, `Titolo`) VALUES
(270, '', '', 'Jaume de Besora', 'Vedi anche: Cabreo L4, cc. 176r-182r (documento di conferma datato 1436 settembre 3, Gaeta).\nPer il toponimo Rayguina cfr. G. Paulis, I nomi di luogo, cit., p. 406: Casa sa raighina (Villanova Monteleone - IGM 193 IV SO).', 'Concessione in enfiteusi del saltu di  Pianarga, Pianu de Teules cun sa Rahighina , nel distretto di Monteleone, fatta da Jaume de Besora, vicer  e procuratore reale - compiuta con permesso regio datato Palermo 1434, agosto 26 - a favore di Giovanni Gambella di Sassari in cambio di un censo annuo di 5 soldi alfonsini d oro d Aragona.', 'Cabreo L4'),
(271, '', 'Pp. 256-257, nota 102', '', 'Accordo diplomatico stipulato nel 1308 tra Giacomo II e Brancaleone e suo figlio Bernab  Doria (vedi anche: Castelsardo, pp. 254-255).', 'Brancaleone Doria dominava sull area corrispondente alla diocesi di Ampurias e Bisarcio; sotto il dominio del giudice di Arborea erano, tra gli altri, i territori della diocesi di Bosa.  Tuttavia   opportuno valutare con prudenza i dati riportati da questa fonte, poich  non si ha una conoscenza dettagliata dell estensione delle circoscrizioni diocesane relativamente a questo periodo  e  si deve osservare, sulla base dei dati precedenti* e successivi alla suddetta fonte del 1317-23, come i Doria possedessero anche territori compresi nella diocesi di Bosa (Monteleone, Nurcar e parte dell ex curatoria di Caputabbas) .', 'Castelsardo'),
(272, '', 'Doc. inserto in 85, p. 397', 'Jaume de Besora', 'Vedi anche: Oppia, doc. 85, p. 397 (conferma di Alfonso V data a Salerno il 2 settembre 1439).\nRelativamente a Bernat Sellent alias Pujades vedi anche: Opera 3, vol. III, pp. 168-170.\nPer il toponimo Manussadeds cfr. G. Paulis, I nomi di luogo della Sardegna, Sassari 1987, p. 406: Minoladas (Villanova Monteleone - IGM 193 III NO).\nPer il toponimo Massada cfr. G. Paulis, I nomi di luogo della Sardegna, Sassari 1987, p. 405: Casa Maseda (Villanova Monteleone - IGM 193 III NO) e p. 406: Maseda (Villanova Monteleone - IGM 193 III NO).\nPer il toponimo S. Vittoria cfr. G. Paulis, I nomi di luogo, cit., p. 406:  Monte Santa Vittoria (Villanova Monteleone - IGM 193 III NO).', 'Infeudazione effettuata da Jaume de Besora in favore di Bernat Sellent alias Pujades, per i meriti acquisiti da quest ultimo durante l assedio di Monteleone (e non solo), delle  villas de Manussades, de Massada, de Montcorter et de Sancta Vittoria, depopulatas et inhabitatas, situatas inter terminos civitatis Bosae villae Alguerii in regno eodem ad nostram curiam .*', 'Alghero'),
(273, '', 'Vol. XVIII ter, p. 59\np. 18\np. 112\np. 122', '', 'Arru, Day e Rassu traggono le notizie da Angius, il quale a sua volta cita l\'Aleo (relativamente a queste informazioni il ms. non   stato verificato): cfr. J. Aleo, Successos generales de la ysla y Regno de Sardena, I-II, Caller 1684. \nArru (p. 187) specifica inoltre:  in agro di Villanova, e comunque entro i confini dell\'antica encontrada di Nurcar, vi sono ancora due regioni, dette di Santa Barbara e di Santu Chirigu .\nRassu (p. 122) cita anche le chiese di San Giovanni, San Benedetto, Sant\'Elia e Sant\'Istasi.\nVedi anche: Angius Casalis, voce Monteleone (regione), vol. XI, pp. 237-242; voce Monteleone, vol. XI, pp. 243-246; voce Nurcara, vol. IX, pp. 538-539; voce Villanuova Monteleone, vol. XXV, pp. 455-456.\nPer il toponimo S. Elia cfr. G. Paulis, I nomi di luogo della Sardegna, Sassari 1987, p. 406:  Monte Sant\'Elia (Villanova Monteleone - IGM 193I II NO).\nPer il toponimo S. Istasi cfr. G. Paulis, I nomi di luogo, cit., p. 406:  Monte S. Istasi (Villanova Monteleone - IGM 193 III NO).\nPer il toponimo S. Quirico cfr. G. Paulis, I nomi di luogo, cit., p. 407: Santu Chirigu (Villanova Monteleone - IGM 193 III NO).\nPer il toponimo S. Barbara cfr. G. Paulis, I nomi di luogo, cit., p. 407: Santa Barbara (Villanova Monteleone - IGM 193 III NO; IGM 193 IV SO).', 'Angius scrive, nella voce Sardegna, curatoria di Nurcara:  cos  appellavasi in principio la contrada poi detta di Monteleone, ed era questo il nome del suo capoluogo . Cita, tra le altre cose, le localit  Minerva, Minutada, Monte Carti o Cartei, Monteleone, Nurcara, S. Vittoria e Villanova Monteleone; citando l\'Aleo  indica nei territori del castello di Monteleone e di Villanova le seguenti ville: Pilledu, Terrioly, Villa di s. Barbara, di s. Barbarano, di s. Nicola, di s. Pietro, di s. Quirico  e specifica che l\'autore  ignorando i nomi particolari indicava le villas disfatte col titolo delle chiese, che la religione ha serbate dopo che venne meno la popolazione .', 'Angius Casalis\nMonteleone Rocca Doria\nVillaggi abbandonati\nPozzomaggiore'),
(274, '', 'Doc. 1284, p. 140', 'Chiesa di Roma', 'Nell\'intestazione Sella scrive 1346-1350; \nVerificato sul ms.: Magorterre; Sella scrive  Magor terre . ', 'Il 6 febbraio 1346*, il collettore pontificio riscuote, per la chiesa di Magorterre*, 15 soldi.', 'RD'),
(275, '', 'App. 1, pp. 188, f. 21v.', 'Pere de Montpalau', 'Documento inserto in Castellaccio, App. 1.\nLa collocazione archivistica non   quella attuale ma quella riferita da Castellaccio.\nLa numerazione delle carte, recto e verso,   quella riportata nell\'edizione di Castellaccio.', 'Pere de Montpalau scrive ai Doria per avvisarli del suo prossimo arrivo a Monteleone.', 'Doria e Aragona'),
(276, NULL, NULL, NULL, NULL, NULL, NULL);

-- --------------------------------------------------------

--
-- Table structure for table `stipula`
--

CREATE TABLE `stipula` (
  `ID_stipula` int(11) NOT NULL,
  `anno` int(8) DEFAULT NULL,
  `giorno` varchar(11) DEFAULT NULL,
  `mese` int(3) DEFAULT NULL
) ENGINE=InnoDB DEFAULT CHARSET=utf8;

--
-- Dumping data for table `stipula`
--

INSERT INTO `stipula` (`ID_stipula`, `anno`, `giorno`, `mese`) VALUES
(1, 1351, '15', 4),
(2, 1353, '3', 11),
(3, 1370, '29', 3),
(4, 1386, '5', 4),
(5, 1346, '29', 8),
(6, 1353, NULL, 812),
(7, 1386, '5', 4),
(8, NULL, '10', 9),
(9, 1346, '29', 8),
(10, 1346, '29', 8),
(11, 1354, NULL, NULL),
(12, 1369, '30', 3),
(13, 1350, NULL, NULL),
(14, 1355, '1', 6),
(15, 1355, '14', 3),
(16, 1353, '18', 12),
(17, 1354, '01, Marted', 7),
(18, 1347, '20', 1),
(19, 1347, '09, Luned ', 4),
(20, 1342, '4', 7),
(21, 0, NULL, NULL),
(22, 0, NULL, NULL),
(23, 0, NULL, NULL),
(24, 0, NULL, NULL),
(25, 0, NULL, NULL),
(26, 0, NULL, NULL),
(27, 0, NULL, NULL),
(28, 0, NULL, NULL),
(29, 0, NULL, NULL),
(30, 0, NULL, NULL),
(31, 0, NULL, NULL),
(32, 0, NULL, NULL),
(33, 0, NULL, NULL),
(34, 0, NULL, NULL),
(35, 0, NULL, NULL),
(36, 0, NULL, NULL),
(37, 0, NULL, NULL),
(38, 0, NULL, NULL),
(39, 0, NULL, NULL),
(40, 1342, '11', 7),
(41, 1342, '27', 8),
(42, 1342, '8', 8),
(43, 1342, '8', 8),
(44, 1342, '8', 8),
(45, 1342, '8', 8),
(46, 1342, '8', 8),
(47, 1342, '18', 11),
(48, 1342, '23', 10),
(49, 1342, '23', 10),
(50, 1342, '23', 10),
(51, 1342, '23', 10),
(52, 1342, '23', 10),
(53, 1342, '23', 10),
(54, 1346, '[06]', 2),
(55, 1346, '[06]', 2),
(56, 1346, '[06]', 2),
(57, 1346, '[06]', 2),
(58, 1346, '[06]', 2),
(59, 1346, '[06]', 2),
(60, 1346, '[18]', 12),
(61, 1346, '[18]', 12),
(62, 1346, '[18]', 12),
(63, 1346, '[18]', 12),
(64, 1346, '[18]', 12),
(65, 1347, '2', 7),
(66, 1347, '[02]', 7),
(67, 1347, '[14]', 7),
(68, 1347, '[14]', 7),
(69, 1347, '[14]', 7),
(70, 1347, '19', 7),
(71, 1348, '26', 8),
(72, 1358, '[28]', 2),
(73, 1358, '[28]', 2),
(74, 1358, '[28]', 2),
(75, 1358, '[28]', 2),
(76, 1358, '[28]', 2),
(77, 1358, '[28]', 2),
(78, 1358, '[28]', 2),
(79, 1357, '[06]', 10),
(80, 15801590, NULL, NULL),
(81, 15801590, NULL, NULL),
(82, 15801590, NULL, NULL),
(83, 1383, '9', 3),
(84, 1420, NULL, NULL),
(85, 1558, '5', 4),
(86, 1558, '22', 4),
(87, 1579, '18', 8),
(88, 1579, '20', 6),
(89, 1354, '13, Gioved ', 11),
(90, 1355, '02, Sabato*', 5),
(91, 1355, '7', 6),
(92, 0, NULL, NULL),
(93, 1355, '14', 2),
(94, 0, NULL, NULL),
(95, 1350, NULL, NULL),
(96, 1346, '20, Luned ', 11),
(97, 0, NULL, NULL),
(98, 0, NULL, NULL),
(99, 0, NULL, NULL),
(100, 0, NULL, NULL),
(101, 0, NULL, NULL),
(102, 15801590, NULL, NULL),
(103, 15801590, NULL, NULL),
(104, 15801590, NULL, NULL),
(105, 15801590, NULL, NULL),
(106, 15801590, NULL, NULL),
(107, 15801590, NULL, NULL),
(108, 15801590, NULL, NULL),
(109, 15801590, NULL, NULL),
(110, 15801590, NULL, NULL),
(111, 15801590, NULL, NULL),
(112, 15801590, NULL, NULL),
(113, 1342, '8', 8),
(114, 1346, '20, Luned ', 11),
(115, 1346, '20, Luned ', 11),
(116, 1349, '[08]', 9),
(117, 1353, '31', 1),
(118, 1356, '27', 8),
(119, 1361, '20', 10),
(120, 1353, '19', 8),
(121, 1354, NULL, 2),
(122, 1354, NULL, 2),
(123, 1354, NULL, 2),
(124, 1353, '23', 10),
(125, 1353, '23', 10),
(126, 1353, '3', 11),
(127, 1353, '11', 11),
(128, 1353, '18', 12),
(129, 1436, '3', 4),
(130, 1436, '3', 4),
(131, 1439, '7', 6),
(132, 1434, '25', 7),
(133, 1369, '17', 5),
(134, 1362, '13', 1),
(135, 1436, '5', 12),
(136, 1436, '31', 3),
(137, 1436, '7', 6),
(138, 0, NULL, NULL),
(139, 0, NULL, NULL),
(140, 0, NULL, NULL),
(141, 0, NULL, NULL),
(142, 0, NULL, NULL),
(143, 0, NULL, NULL),
(144, 0, NULL, NULL),
(145, 0, NULL, NULL),
(146, 0, NULL, NULL),
(147, 0, NULL, NULL),
(148, 0, NULL, NULL),
(149, 0, NULL, NULL),
(150, 0, NULL, NULL),
(151, 0, NULL, NULL),
(152, 0, NULL, NULL),
(153, 0, NULL, NULL),
(154, 1369, '14', 5),
(155, 1433, NULL, NULL),
(156, 0, NULL, NULL),
(157, 1432, '8', 2),
(158, 15801590, NULL, NULL),
(159, 15801590, NULL, NULL),
(160, 15801590, NULL, NULL),
(161, 0, NULL, NULL),
(162, 1332, '20', 2),
(163, 1334, '28', 6),
(164, 13431346, NULL, NULL),
(165, 1357, '[30]', 3),
(166, 0, NULL, NULL),
(167, 1208, '25', 7),
(168, 15801590, NULL, NULL),
(169, 1122, '16', 9),
(170, 1136, '20', 5),
(171, 1113, '24', 3),
(172, 1147, '24', 6),
(173, 1159, '7', 11),
(174, 1216, '12', 8),
(175, 1287, '17', 6),
(176, 1353, '7', 3),
(177, 1360, '15', 6),
(178, 1370, '15*', 11),
(179, 1388, '12', 1),
(180, 1410, '29', 3),
(181, 1412, '15', 5),
(182, 1435, '6', 4),
(183, 1437, '14', 6),
(184, 1435, '3', 5),
(185, 1408, '2', 9),
(186, 1416, '27', 12),
(187, 1416, '29', 12),
(188, 1417, '30', 4),
(189, 1417, '20', 5),
(190, 1417, '4', 6),
(191, 1417, '22', 9),
(192, 1418, '5', 9),
(193, 0, NULL, NULL),
(194, 1346, '23, Gioved ', 11),
(195, 1346, '2', 12),
(196, 1346, '3', 12),
(197, 1346, '02, Sabato', 12),
(198, 1346, '23, Sabato', 12),
(199, 1347, '09, Marted ', 1),
(200, 1684, NULL, NULL),
(201, 0, NULL, NULL),
(202, 0, NULL, NULL),
(203, 11531154, NULL, NULL),
(204, 1369, '18', 1),
(205, 1474, '23', 12),
(206, 1346, '18, Luned *', 12),
(207, 1393, '8', 3),
(208, 1393, '[18]', 6),
(209, 1843, NULL, NULL),
(210, 1854, NULL, NULL),
(211, 1847, NULL, NULL),
(212, 1843, NULL, NULL),
(213, 1834, NULL, NULL),
(214, 1272, '16', 1),
(215, 1281, '24', 7),
(216, 0, NULL, NULL),
(217, 1439, '2', 9),
(218, 0, NULL, NULL),
(219, 0, NULL, NULL),
(220, 0, NULL, NULL),
(221, 0, NULL, NULL),
(222, 1843, NULL, NULL),
(223, 13921393, NULL, 6),
(224, 1841, NULL, NULL),
(225, 1572, NULL, NULL),
(226, 0, NULL, NULL),
(227, 1188, '11', 12),
(228, 15621610, NULL, NULL),
(229, 15621610, NULL, NULL),
(230, 15621610, NULL, NULL),
(231, 15621610, NULL, NULL),
(232, 15621610, NULL, NULL),
(233, 15621610, NULL, NULL),
(234, 1354, '10', 11),
(235, 15621610, NULL, NULL),
(236, 1287, '23', 12),
(237, 1308, '11', 7),
(238, 1238, '1', 4),
(239, 0, NULL, NULL),
(240, 0, NULL, NULL),
(241, 0, NULL, NULL),
(242, 0, NULL, NULL),
(243, 0, NULL, NULL),
(244, 0, NULL, NULL),
(245, 0, NULL, NULL),
(246, 0, NULL, NULL),
(247, 0, NULL, NULL),
(248, 0, NULL, NULL),
(249, 0, NULL, NULL),
(250, 0, NULL, NULL),
(251, 0, NULL, NULL),
(252, 0, NULL, NULL),
(253, 1347, '8', 2),
(254, 1436, '16', 7),
(255, 1436, '9', 11),
(256, 1434, '24', 12),
(257, 1436, '6', 12),
(258, 1436, '19', 10),
(259, 1436, '26', 6),
(260, 1435, '8', 1),
(261, 1436, '3', 9),
(262, 1436, '28', 3),
(263, 1435, '25', 1),
(264, 1342, '6', 8),
(265, 1343, '...*', 2),
(266, 1342, '7', 12),
(267, 1434, '15', 12),
(268, 1436, '10', 7),
(269, 1434, '12', 12),
(270, 1435, '14', 6),
(271, 131723, NULL, NULL),
(272, 1436, '1', 10),
(273, 1853, NULL, NULL),
(274, 1346, '[06]', 2),
(275, 1346, '2', 12);

-- --------------------------------------------------------

--
-- Table structure for table `stipula_evento`
--

CREATE TABLE `stipula_evento` (
  `ID_stipula_evento` int(11) NOT NULL,
  `ID_documento_NUR` int(11) DEFAULT NULL,
  `id_rogatario` int(11) DEFAULT NULL,
  `ID_stipula` int(11) DEFAULT NULL,
  `ID_luogo_emissione` int(11) DEFAULT NULL
) ENGINE=InnoDB DEFAULT CHARSET=latin1;

--
-- Dumping data for table `stipula_evento`
--

INSERT INTO `stipula_evento` (`ID_stipula_evento`, `ID_documento_NUR`, `id_rogatario`, `ID_stipula`, `ID_luogo_emissione`) VALUES
(1, 1, NULL, 1, 1),
(2, 2, NULL, 2, 2),
(3, 3, NULL, 3, 1),
(4, 4, NULL, 4, 4),
(5, 5, NULL, 5, 5),
(6, 6, NULL, 6, NULL),
(7, 7, NULL, 7, 4),
(8, 8, NULL, 8, 4),
(9, 9, NULL, 9, 5),
(10, 10, NULL, 10, 5),
(11, 11, NULL, 11, NULL),
(12, 12, NULL, 12, 4),
(13, 13, NULL, 13, NULL),
(14, 14, NULL, 14, NULL),
(15, 15, NULL, 15, 15),
(16, 16, NULL, 16, 16),
(17, 17, NULL, 17, 4),
(18, 18, NULL, 18, 15),
(19, 19, NULL, 19, 15),
(20, 20, NULL, 20, NULL),
(21, 21, NULL, 21, NULL),
(22, 22, NULL, 22, NULL),
(23, 23, NULL, 23, NULL),
(24, 24, NULL, 24, NULL),
(25, 25, NULL, 25, NULL),
(26, 26, NULL, 26, NULL),
(27, 27, NULL, 27, NULL),
(28, 28, NULL, 28, NULL),
(29, 29, NULL, 29, NULL),
(30, 30, NULL, 30, NULL),
(31, 31, NULL, 31, NULL),
(32, 32, NULL, 32, NULL),
(33, 33, NULL, 33, NULL),
(34, 34, NULL, 34, NULL),
(35, 35, NULL, 35, NULL),
(36, 36, NULL, 36, NULL),
(37, 37, NULL, 37, NULL),
(38, 38, NULL, 38, NULL),
(39, 39, NULL, 39, NULL),
(40, 40, NULL, 40, NULL),
(41, 41, NULL, 41, NULL),
(42, 42, NULL, 42, NULL),
(43, 43, NULL, 43, NULL),
(44, 44, NULL, 44, NULL),
(45, 45, NULL, 45, NULL),
(46, 46, NULL, 46, NULL),
(47, 47, NULL, 47, NULL),
(48, 48, NULL, 48, NULL),
(49, 49, NULL, 49, NULL),
(50, 50, NULL, 50, NULL),
(51, 51, NULL, 51, NULL),
(52, 52, NULL, 52, NULL),
(53, 53, NULL, 53, NULL),
(54, 54, NULL, 54, NULL),
(55, 55, NULL, 55, NULL),
(56, 56, NULL, 56, NULL),
(57, 57, NULL, 57, NULL),
(58, 58, NULL, 58, NULL),
(59, 59, NULL, 59, NULL),
(60, 60, NULL, 60, NULL),
(61, 61, NULL, 61, NULL),
(62, 62, NULL, 62, NULL),
(63, 63, NULL, 63, NULL),
(64, 64, NULL, 64, NULL),
(65, 65, NULL, 65, NULL),
(66, 66, NULL, 66, NULL),
(67, 67, NULL, 67, NULL),
(68, 68, NULL, 68, NULL),
(69, 69, NULL, 69, NULL),
(70, 70, NULL, 70, NULL),
(71, 71, NULL, 71, NULL),
(72, 72, NULL, 72, NULL),
(73, 73, NULL, 73, NULL),
(74, 74, NULL, 74, NULL),
(75, 75, NULL, 75, NULL),
(76, 76, NULL, 76, NULL),
(77, 77, NULL, 77, NULL),
(78, 78, NULL, 78, NULL),
(79, 79, NULL, 79, NULL),
(80, 80, NULL, 80, NULL),
(81, 81, NULL, 81, NULL),
(82, 82, NULL, 82, NULL),
(83, 83, NULL, 83, 83),
(84, 84, NULL, 84, NULL),
(85, 85, 1, 85, 85),
(86, 86, 1, 86, 85),
(87, 87, NULL, 87, 87),
(88, 88, NULL, 88, 87),
(89, 89, 2, 89, 4),
(90, 90, 3, 90, 85),
(91, 91, NULL, 91, 85),
(92, 92, NULL, 92, NULL),
(93, 93, 4, 93, 93),
(94, 94, NULL, 94, NULL),
(95, 95, NULL, 95, NULL),
(96, 96, NULL, 96, 15),
(97, 97, NULL, 97, NULL),
(98, 98, NULL, 98, NULL),
(99, 99, NULL, 99, NULL),
(100, 100, NULL, 100, NULL),
(101, 101, NULL, 101, NULL),
(102, 102, NULL, 102, NULL),
(103, 103, NULL, 103, NULL),
(104, 104, NULL, 104, NULL),
(105, 105, NULL, 105, NULL),
(106, 106, NULL, 106, NULL),
(107, 107, NULL, 107, NULL),
(108, 108, NULL, 108, NULL),
(109, 109, NULL, 109, NULL),
(110, 110, NULL, 110, NULL),
(111, 111, NULL, 111, NULL),
(112, 112, NULL, 112, NULL),
(113, 113, NULL, 113, NULL),
(114, 114, NULL, 114, 15),
(115, 115, NULL, 115, 15),
(116, 116, NULL, 116, 116),
(117, 117, NULL, 117, NULL),
(118, 118, NULL, 118, 118),
(119, 119, NULL, 119, 83),
(120, 120, NULL, 120, 85),
(121, 121, 2, 121, NULL),
(122, 122, 2, 122, NULL),
(123, 123, 2, 123, NULL),
(124, 124, NULL, 124, 85),
(125, 125, NULL, 125, 85),
(126, 126, NULL, 126, 2),
(127, 127, NULL, 127, 16),
(128, 128, NULL, 128, 16),
(129, 129, NULL, 129, 1),
(130, 130, NULL, 130, 1),
(131, 131, NULL, 131, 4),
(132, 132, NULL, 132, 1),
(133, 133, NULL, 133, 4),
(134, 134, NULL, 134, 83),
(135, 135, 5, 135, 4),
(136, 136, NULL, 136, 15),
(137, 137, NULL, 137, 4),
(138, 138, NULL, 138, NULL),
(139, 139, NULL, 139, NULL),
(140, 140, NULL, 140, NULL),
(141, 141, NULL, 141, NULL),
(142, 142, NULL, 142, NULL),
(143, 143, NULL, 143, NULL),
(144, 144, NULL, 144, NULL),
(145, 145, NULL, 145, NULL),
(146, 146, NULL, 146, NULL),
(147, 147, NULL, 147, NULL),
(148, 148, NULL, 148, NULL),
(149, 149, NULL, 149, NULL),
(150, 150, NULL, 150, NULL),
(151, 151, NULL, 151, NULL),
(152, 152, NULL, 152, NULL),
(153, 153, NULL, 153, NULL),
(154, 154, NULL, 154, NULL),
(155, 155, NULL, 155, NULL),
(156, 156, NULL, 156, NULL),
(157, 157, NULL, 157, 15),
(158, 158, NULL, 158, NULL),
(159, 159, NULL, 159, NULL),
(160, 160, NULL, 160, NULL),
(161, 161, NULL, 161, NULL),
(162, 162, NULL, 162, 85),
(163, 163, NULL, 163, 15),
(164, 164, NULL, 164, NULL),
(165, 165, NULL, 165, 15),
(166, 166, NULL, 166, NULL),
(167, 167, 6, 167, 167),
(168, 168, NULL, 168, NULL),
(169, 169, 7, 169, 169),
(170, 170, NULL, 170, 170),
(171, 171, 8, 171, NULL),
(172, 172, 6, 172, 172),
(173, 173, 9, 173, 173),
(174, 174, 10, 174, 174),
(175, 175, NULL, 175, 167),
(176, 176, NULL, 176, NULL),
(177, 177, 11, 177, 177),
(178, 178, NULL, 178, 178),
(179, 179, 12, 179, 1),
(180, 180, 13, 180, 16),
(181, 181, NULL, 181, 85),
(182, 182, NULL, 182, 182),
(183, 183, 14, 183, 183),
(184, 184, NULL, 184, NULL),
(185, 185, NULL, 185, 85),
(186, 186, NULL, 186, 85),
(187, 187, NULL, 187, 85),
(188, 188, NULL, 188, 85),
(189, 189, NULL, 189, 189),
(190, 190, NULL, 190, 85),
(191, 191, NULL, 191, 85),
(192, 192, NULL, 192, 85),
(193, 193, NULL, 193, NULL),
(194, 194, 15, 194, NULL),
(195, 195, NULL, 195, 15),
(196, 196, 16, 196, 1),
(197, 197, NULL, 197, 15),
(198, 198, 17, 198, 15),
(199, 199, 18, 199, 15),
(200, 200, NULL, 200, NULL),
(201, 201, NULL, 201, NULL),
(202, 202, NULL, 202, NULL),
(203, 203, NULL, 203, NULL),
(204, 204, NULL, 204, 204),
(205, 205, NULL, 205, 204),
(206, 206, 19, 206, 15),
(207, 207, NULL, 207, 16),
(208, 208, NULL, 208, NULL),
(209, 209, NULL, 209, NULL),
(210, 210, NULL, 210, NULL),
(211, 211, NULL, 211, NULL),
(212, 212, NULL, 212, NULL),
(213, 213, NULL, 213, NULL),
(214, 214, NULL, 214, 1),
(215, 215, NULL, 215, 215),
(216, 216, NULL, 216, NULL),
(217, 217, NULL, 217, 217),
(218, 218, NULL, 218, NULL),
(219, 219, NULL, 219, NULL),
(220, 220, NULL, 220, NULL),
(221, 221, NULL, 221, NULL),
(222, 222, NULL, 222, NULL),
(223, 223, NULL, 223, NULL),
(224, 224, NULL, 224, NULL),
(225, 225, NULL, 225, NULL),
(226, 226, NULL, 226, NULL),
(227, 227, 20, 227, 227),
(228, 228, NULL, 228, NULL),
(229, 229, NULL, 229, NULL),
(230, 230, NULL, 230, NULL),
(231, 231, NULL, 231, NULL),
(232, 232, NULL, 232, NULL),
(233, 233, NULL, 233, NULL),
(234, 234, NULL, 234, 4),
(235, 235, NULL, 235, NULL),
(236, 236, 21, 236, 236),
(237, 237, NULL, 237, 236),
(238, 238, NULL, 238, NULL),
(239, 239, NULL, 239, NULL),
(240, 240, NULL, 240, NULL),
(241, 241, NULL, 241, NULL),
(242, 242, NULL, 242, NULL),
(243, 243, NULL, 243, NULL),
(244, 244, NULL, 244, NULL),
(245, 245, NULL, 245, NULL),
(246, 246, NULL, 246, NULL),
(247, 247, NULL, 247, NULL),
(248, 248, NULL, 248, NULL),
(249, 249, NULL, 249, NULL),
(250, 250, NULL, 250, NULL),
(251, 251, NULL, 251, NULL),
(252, 252, NULL, 252, NULL),
(253, 253, NULL, 253, NULL),
(254, 254, NULL, 254, 254),
(255, 255, NULL, 255, NULL),
(256, 256, NULL, 256, 256),
(257, 257, NULL, 257, NULL),
(258, 258, NULL, 258, 258),
(259, 259, NULL, 259, 183),
(260, 260, NULL, 260, 260),
(261, 261, NULL, 261, 258),
(262, 262, NULL, 262, NULL),
(263, 263, NULL, 263, NULL),
(264, 264, NULL, 264, NULL),
(265, 265, NULL, 265, NULL),
(266, 266, NULL, 266, NULL),
(267, 267, NULL, 267, NULL),
(268, 268, NULL, 268, 268),
(269, 269, NULL, 269, 260),
(270, 270, NULL, 270, 15),
(271, 271, NULL, 271, NULL),
(272, 272, NULL, 272, 1),
(273, 273, NULL, 273, NULL),
(274, 274, NULL, 274, NULL),
(275, 275, NULL, 275, 275);

--
-- Indexes for dumped tables
--

--
-- Indexes for table `autore`
--
ALTER TABLE `autore`
  ADD PRIMARY KEY (`id_autore`);

--
-- Indexes for table `documentoNUR`
--
ALTER TABLE `documentoNUR`
  ADD PRIMARY KEY (`ID_documento_NUR`),
  ADD KEY `ID_Scheda` (`ID_Scheda`);

--
-- Indexes for table `edizione`
--
ALTER TABLE `edizione`
  ADD PRIMARY KEY (`ID_anno_edizione`);

--
-- Indexes for table `edizione_evento`
--
ALTER TABLE `edizione_evento`
  ADD PRIMARY KEY (`ID_edizione_evento`),
  ADD KEY `id_autore` (`id_autore`),
  ADD KEY `ID_Scheda` (`ID_Scheda`),
  ADD KEY `ID_luogo_edizione` (`ID_luogo_edizione`),
  ADD KEY `id_anno_edizione` (`ID_anno_edizione`);

--
-- Indexes for table `luogoED`
--
ALTER TABLE `luogoED`
  ADD PRIMARY KEY (`ID_luogo_edizione`);

--
-- Indexes for table `luogoEM`
--
ALTER TABLE `luogoEM`
  ADD PRIMARY KEY (`ID_luogo_emissione`);

--
-- Indexes for table `rogatario`
--
ALTER TABLE `rogatario`
  ADD PRIMARY KEY (`id_rogatario`);

--
-- Indexes for table `schedaCAT`
--
ALTER TABLE `schedaCAT`
  ADD PRIMARY KEY (`ID_Scheda`);

--
-- Indexes for table `stipula`
--
ALTER TABLE `stipula`
  ADD PRIMARY KEY (`ID_stipula`);

--
-- Indexes for table `stipula_evento`
--
ALTER TABLE `stipula_evento`
  ADD PRIMARY KEY (`ID_stipula_evento`),
  ADD KEY `ID__documento_NUR` (`ID_documento_NUR`),
  ADD KEY `id_rogatario` (`id_rogatario`),
  ADD KEY `ID_stipula` (`ID_stipula`,`ID_luogo_emissione`),
  ADD KEY `ID_luogo_emissione` (`ID_luogo_emissione`);

--
-- AUTO_INCREMENT for dumped tables
--

--
-- AUTO_INCREMENT for table `documentoNUR`
--
ALTER TABLE `documentoNUR`
  MODIFY `ID_documento_NUR` int(11) NOT NULL AUTO_INCREMENT, AUTO_INCREMENT=277;
--
-- AUTO_INCREMENT for table `edizione_evento`
--
ALTER TABLE `edizione_evento`
  MODIFY `ID_edizione_evento` int(11) NOT NULL AUTO_INCREMENT, AUTO_INCREMENT=277;
--
-- AUTO_INCREMENT for table `rogatario`
--
ALTER TABLE `rogatario`
  MODIFY `id_rogatario` int(11) NOT NULL AUTO_INCREMENT, AUTO_INCREMENT=22;
--
-- AUTO_INCREMENT for table `schedaCAT`
--
ALTER TABLE `schedaCAT`
  MODIFY `ID_Scheda` int(11) NOT NULL AUTO_INCREMENT, AUTO_INCREMENT=277;
--
-- AUTO_INCREMENT for table `stipula`
--
ALTER TABLE `stipula`
  MODIFY `ID_stipula` int(11) NOT NULL AUTO_INCREMENT, AUTO_INCREMENT=276;
--
-- AUTO_INCREMENT for table `stipula_evento`
--
ALTER TABLE `stipula_evento`
  MODIFY `ID_stipula_evento` int(11) NOT NULL AUTO_INCREMENT, AUTO_INCREMENT=277;
--
-- Constraints for dumped tables
--

--
-- Constraints for table `documentoNUR`
--
ALTER TABLE `documentoNUR`
  ADD CONSTRAINT `documentoNUR_ibfk_1` FOREIGN KEY (`ID_Scheda`) REFERENCES `schedaCAT` (`ID_Scheda`);

--
-- Constraints for table `edizione_evento`
--
ALTER TABLE `edizione_evento`
  ADD CONSTRAINT `edizione_evento_ibfk_1` FOREIGN KEY (`ID_Scheda`) REFERENCES `schedaCAT` (`ID_Scheda`),
  ADD CONSTRAINT `edizione_evento_ibfk_2` FOREIGN KEY (`id_autore`) REFERENCES `autore` (`id_autore`) ON DELETE NO ACTION ON UPDATE NO ACTION,
  ADD CONSTRAINT `edizione_evento_ibfk_3` FOREIGN KEY (`ID_luogo_edizione`) REFERENCES `luogoED` (`ID_luogo_edizione`),
  ADD CONSTRAINT `edizione_evento_ibfk_4` FOREIGN KEY (`ID_anno_edizione`) REFERENCES `edizione` (`ID_anno_edizione`);

--
-- Constraints for table `stipula_evento`
--
ALTER TABLE `stipula_evento`
  ADD CONSTRAINT `stipula_evento_ibfk_1` FOREIGN KEY (`ID_documento_NUR`) REFERENCES `documentoNUR` (`ID_documento_NUR`) ON DELETE CASCADE ON UPDATE CASCADE,
  ADD CONSTRAINT `stipula_evento_ibfk_2` FOREIGN KEY (`id_rogatario`) REFERENCES `rogatario` (`id_rogatario`),
  ADD CONSTRAINT `stipula_evento_ibfk_3` FOREIGN KEY (`ID_stipula`) REFERENCES `stipula` (`ID_stipula`),
  ADD CONSTRAINT `stipula_evento_ibfk_4` FOREIGN KEY (`ID_luogo_emissione`) REFERENCES `luogoEM` (`ID_luogo_emissione`);
COMMIT;

/*!40101 SET CHARACTER_SET_CLIENT=@OLD_CHARACTER_SET_CLIENT */;
/*!40101 SET CHARACTER_SET_RESULTS=@OLD_CHARACTER_SET_RESULTS */;
/*!40101 SET COLLATION_CONNECTION=@OLD_COLLATION_CONNECTION */;
